tag,model,seed,fold,target,n_test,R2,RMSE,MAE,NRMSE,PearsonR,SpearmanRho,CCC,TopK20,TopK30
baseline,Mean,42,0,glass_adhesion_kpa,63,-0.0015274286270141602,69.5921467877752,55.679325103759766,1.0007634162902832,,,0.0,0.0,0.1
baseline,Ridge,42,0,glass_adhesion_kpa,63,0.7610645294189453,33.99140731838526,28.22597885131836,0.4888102412223816,0.8767054677009583,0.8700076804915514,0.884792501302836,0.75,0.9333333333333333
baseline,ElasticNet,42,0,glass_adhesion_kpa,63,0.7583179473876953,34.18621455535842,28.338178634643555,0.49161165952682495,0.8753175139427185,0.8637672811059907,0.8833638375222598,0.75,0.9333333333333333
baseline,KNN,42,0,glass_adhesion_kpa,63,0.7446232956548768,35.14143216382364,25.339432653991555,0.5053480863571167,0.8787224151184202,0.8843125960061445,0.8864470561698617,0.8,0.9
baseline,SVR-RBF,42,0,glass_adhesion_kpa,63,0.7572697875682571,34.26026641720156,25.850893400941878,0.4926765561103821,0.871074446928903,0.861847158218126,0.8796670400998523,0.8,0.9
baseline,RandomForest,42,0,glass_adhesion_kpa,63,0.7846621271654131,32.26926155426607,24.145787413538628,0.46404507756233215,0.8872844133439173,0.8932891705069125,0.895695294641314,0.75,0.9
baseline,HistGB,42,0,glass_adhesion_kpa,63,0.7807994832481415,32.557391706301246,23.890807210886006,0.4681885540485382,0.8874376045103133,0.9037058371735791,0.9000813124652688,0.75,0.8666666666666667
baseline,MLP,42,0,glass_adhesion_kpa,63,0.5930627584457397,44.36010423405529,34.81201934814453,0.6379163265228271,0.7937892079353333,0.7550403225806452,0.8050120006455976,0.7,0.9333333333333333
baseline,Mean,42,1,glass_adhesion_kpa,64,-0.0052032470703125,80.72169589088178,61.30247497558594,1.0025982856750488,0.0,0.0,0.0,0.0,0.13333333333333333
baseline,Ridge,42,1,glass_adhesion_kpa,64,0.8243312835693359,33.74508608613908,26.239215850830078,0.41912850737571716,0.9140340089797974,0.863939192973503,0.9080291046373394,0.9,0.8666666666666667
baseline,ElasticNet,42,1,glass_adhesion_kpa,64,0.8243306279182434,33.74514939101433,26.206350326538086,0.41912928223609924,0.9141196608543396,0.8640536644586861,0.9079361813982355,0.9,0.8666666666666667
baseline,KNN,42,1,glass_adhesion_kpa,64,0.8766642502576487,28.27534120399087,22.36510421525445,0.351191908121109,0.939185916793086,0.9261201037249348,0.9483524530026928,0.9,0.8333333333333334
baseline,SVR-RBF,42,1,glass_adhesion_kpa,64,0.7784879119879887,37.893269680618324,28.970946306142388,0.47065073251724243,0.8966335493441933,0.8371986540347429,0.8745155926290918,0.9,0.8666666666666667
baseline,RandomForest,42,1,glass_adhesion_kpa,64,0.8857855194465465,27.20971229369419,20.6703608157802,0.33795636892318726,0.9437003100201448,0.9359417571536404,0.9502805129171944,0.95,0.8
baseline,HistGB,42,1,glass_adhesion_kpa,64,0.8517213872738295,31.00292162026618,23.66351776014362,0.3850696384906769,0.923524321607978,0.9069575771052925,0.9350149332455225,0.9,0.8333333333333334
baseline,MLP,42,1,glass_adhesion_kpa,64,0.8503739833831787,31.143464888695952,23.699687957763672,0.38681524991989136,0.928314745426178,0.9008905883905911,0.9254052962426367,0.9,0.8
baseline,Mean,42,2,glass_adhesion_kpa,63,-0.006025195121765137,67.26049813504952,56.08679962158203,1.0030081272125244,,,0.0,0.05,0.3
baseline,Ridge,42,2,glass_adhesion_kpa,63,0.6478604674339294,39.79358361438437,27.928356170654297,0.5934134721755981,0.8105809688568115,0.8563748079877113,0.8160273695547774,0.8,0.8
baseline,ElasticNet,42,2,glass_adhesion_kpa,63,0.6458069086074829,39.90944798022064,28.029726028442383,0.5951412916183472,0.8094675540924072,0.8567588325652843,0.8148771060794894,0.8,0.8
baseline,KNN,42,2,glass_adhesion_kpa,63,0.545599591121986,45.203806077986314,26.503787429385717,0.6740923523902893,0.7670252553857718,0.8802803379416283,0.7791150149703316,0.85,0.8333333333333334
baseline,SVR-RBF,42,2,glass_adhesion_kpa,63,0.6367437913730813,40.41682271127238,29.015986751285528,0.6027074456214905,0.8087318301671084,0.8235407066052227,0.8065835248230098,0.75,0.8
baseline,RandomForest,42,2,glass_adhesion_kpa,63,0.6545955227303389,39.41119720864976,24.86269572807977,0.5877112746238708,0.8120948199802146,0.8788882488479263,0.817900876778582,0.75,0.8333333333333334
baseline,HistGB,42,2,glass_adhesion_kpa,63,0.5871612703534786,43.086960931114334,29.11926585372325,0.642525315284729,0.7891854252160346,0.8573348694316437,0.8016676823553581,0.75,0.8
baseline,MLP,42,2,glass_adhesion_kpa,63,0.553246259689331,44.82184515093477,31.32384490966797,0.6683964133262634,0.7593242526054382,0.8217645929339479,0.7601560705614013,0.75,0.7666666666666667
baseline,Mean,42,3,glass_adhesion_kpa,63,-0.0009019374847412109,75.77688776104492,59.50799560546875,1.0004507303237915,,,0.0,0.1,0.2
baseline,Ridge,42,3,glass_adhesion_kpa,63,0.7275539636611938,39.53495535994065,27.361553192138672,0.5219635963439941,0.8699852228164673,0.9337077572964669,0.8826699460528048,0.8,0.8666666666666667
baseline,ElasticNet,42,3,glass_adhesion_kpa,63,0.7270340919494629,39.57265463823709,27.371265411376953,0.5224613547325134,0.8698197603225708,0.932603686635945,0.8824812064382908,0.8,0.8666666666666667
baseline,KNN,42,3,glass_adhesion_kpa,63,0.8199707085400142,32.13753858746721,23.265490040090047,0.42429858446121216,0.9107217675448157,0.8959773425499233,0.921486973397404,0.8,0.8
baseline,SVR-RBF,42,3,glass_adhesion_kpa,63,0.7811564534475215,35.43299778913631,25.828553091289493,0.46780717372894287,0.8852266762752902,0.8870007680491552,0.8863227134211037,0.8,0.8666666666666667
baseline,RandomForest,42,3,glass_adhesion_kpa,63,0.8261125400343321,31.584583681641377,22.40096524518853,0.41699814796447754,0.9092144797794335,0.9073540706605223,0.9196816530432826,0.85,0.8333333333333334
baseline,HistGB,42,3,glass_adhesion_kpa,63,0.7649285888960347,36.72323502968744,26.279064159090947,0.48484164476394653,0.8759570309567624,0.8698365458665711,0.8872819737604732,0.75,0.8
baseline,MLP,42,3,glass_adhesion_kpa,63,0.7640167474746704,36.79439183500405,28.519775390625,0.48578107357025146,0.8760332465171814,0.8630472350230416,0.8830687678171875,0.8,0.8666666666666667
baseline,Mean,42,4,glass_adhesion_kpa,63,-9.298324584960938e-06,75.18841892102633,60.306610107421875,1.0000046491622925,,,0.0,0.0,0.26666666666666666
baseline,Ridge,42,4,glass_adhesion_kpa,63,0.81706702709198,32.1584327186801,24.799901962280273,0.42770659923553467,0.9043455719947815,0.8425840364474407,0.9160035293391334,0.9,0.8333333333333334
baseline,ElasticNet,42,4,glass_adhesion_kpa,63,0.8173819780349731,32.13074106652965,24.814380645751953,0.4273383319377899,0.9044874906539917,0.8428240546888444,0.9160975092159074,0.9,0.8333333333333334
baseline,KNN,42,4,glass_adhesion_kpa,63,0.8847765844037517,25.522270844243497,19.016502477830006,0.3394457697868347,0.9416887186125775,0.9214540305726734,0.9563278668919155,0.9,0.8666666666666667
baseline,SVR-RBF,42,4,glass_adhesion_kpa,63,0.7899523222429927,34.459413609184,26.68782051393275,0.4583096504211426,0.8914635768733026,0.8356235074467354,0.8905339199614583,0.9,0.8333333333333334
baseline,RandomForest,42,4,glass_adhesion_kpa,63,0.8851417738667492,25.481793563043215,17.933252920185275,0.3389074504375458,0.9419823890881505,0.9236621983935865,0.9513464754788987,0.95,0.8333333333333334
baseline,HistGB,42,4,glass_adhesion_kpa,63,0.8325271371166005,30.76955128020067,20.33284983715939,0.40923452377319336,0.9133862487682507,0.9048796294073878,0.9230660416672201,0.9,0.8333333333333334
baseline,MLP,42,4,glass_adhesion_kpa,63,0.7929803133010864,34.210133761111265,28.295703887939453,0.45499420166015625,0.89133220911026,0.7959724939668559,0.8948616041658665,0.9,0.7666666666666667
baseline,Mean,2024,0,glass_adhesion_kpa,64,-0.0011529922485351562,71.18371711305367,55.78996658325195,1.0005762577056885,,,0.0,0.0,0.16666666666666666
baseline,Ridge,2024,0,glass_adhesion_kpa,64,0.6554381847381592,41.76034034093382,31.416057586669922,0.586993932723999,0.8185679912567139,0.8158882783882783,0.8299097079346197,0.85,0.8333333333333334
baseline,ElasticNet,2024,0,glass_adhesion_kpa,64,0.6556406617164612,41.748067297144125,31.392385482788086,0.5868213772773743,0.8185995817184448,0.815018315018315,0.8299150915358506,0.85,0.8333333333333334
baseline,KNN,2024,0,glass_adhesion_kpa,64,0.6354698644452141,42.95336110278001,25.79444241900049,0.6037632822990417,0.8217604897550803,0.8869963369963368,0.8338431371267194,0.85,0.8666666666666667
baseline,SVR-RBF,2024,0,glass_adhesion_kpa,64,0.7179827490870229,37.78054964651824,24.48037892250298,0.5310529470443726,0.8527360995319941,0.8974358974358972,0.8635350221187283,0.85,0.8666666666666667
baseline,RandomForest,2024,0,glass_adhesion_kpa,64,0.7137113707847227,38.065582857842834,25.574296482603643,0.5350594520568848,0.8479600839234953,0.8879578754578753,0.858055611607153,0.85,0.8666666666666667
baseline,HistGB,2024,0,glass_adhesion_kpa,64,0.6887668487253544,39.68929270891545,25.61648088010741,0.5578827261924744,0.8389339016410575,0.8921245421245422,0.8512178552290048,0.85,0.8666666666666667
baseline,MLP,2024,0,glass_adhesion_kpa,64,0.4604637026786804,52.25655517343016,39.625144958496094,0.7345313429832458,0.7279336452484131,0.6672161172161172,0.7391479964992234,0.85,0.8
baseline,Mean,2024,1,glass_adhesion_kpa,63,-0.0048601627349853516,70.4864514906943,59.239501953125,1.002427101135254,,,0.0,0.05,0.16666666666666666
baseline,Ridge,2024,1,glass_adhesion_kpa,63,0.8391409516334534,28.201719364209982,23.040977478027344,0.40107235312461853,0.9197506904602051,0.8941266834056708,0.9284586834771819,0.85,0.9
baseline,ElasticNet,2024,1,glass_adhesion_kpa,63,0.8391646146774292,28.19964270399206,23.03880500793457,0.4010428190231323,0.9197644591331482,0.8941266834056708,0.9284721264396284,0.85,0.9
baseline,KNN,2024,1,glass_adhesion_kpa,63,0.8302139179792352,28.973692216706908,21.923904168701505,0.4120510220527649,0.9217267108532051,0.9302498622558141,0.9294577997744812,0.8,0.9333333333333333
baseline,SVR-RBF,2024,1,glass_adhesion_kpa,63,0.7745003758464929,33.39071434210795,26.06325133281241,0.47486793994903564,0.8844321339904319,0.9097520584431745,0.8975459427350452,0.75,0.9
baseline,RandomForest,2024,1,glass_adhesion_kpa,63,0.8046431334921056,31.079007362306246,23.56938768922607,0.4419918954372406,0.8996334698439669,0.9287857334120541,0.9079112920096412,0.8,0.9333333333333333
baseline,HistGB,2024,1,glass_adhesion_kpa,63,0.7616606447719381,34.32817212177487,25.154754858455007,0.48820003867149353,0.8763356019466194,0.9157765886035639,0.8879070343819225,0.75,0.9333333333333333
baseline,MLP,2024,1,glass_adhesion_kpa,63,0.7635068297386169,34.19496355059561,26.261552810668945,0.4863056540489197,0.8738131523132324,0.8072390372677847,0.8807431115424269,0.85,0.8666666666666667
baseline,Mean,2024,2,glass_adhesion_kpa,63,-0.011885404586791992,67.14785894529699,55.34169387817383,1.0059250593185425,,,0.0,0.05,0.13333333333333333
baseline,Ridge,2024,2,glass_adhesion_kpa,63,0.7832069993019104,31.080580793180268,23.723222732543945,0.4656103551387787,0.9007588028907776,0.8756585501128608,0.9086137206092846,0.8,0.9
baseline,ElasticNet,2024,2,glass_adhesion_kpa,63,0.7857859134674072,30.89516219998337,23.582462310791016,0.46283262968063354,0.902039647102356,0.8751785136300536,0.9097626809771345,0.8,0.9
baseline,KNN,2024,2,glass_adhesion_kpa,63,0.8078477014608374,29.26100791254651,20.52702658807617,0.4383517801761627,0.9428415234843318,0.9402714606987179,0.9327726187814103,0.8,0.9333333333333333
baseline,SVR-RBF,2024,2,glass_adhesion_kpa,63,0.8406409728622661,26.64739898266649,19.45380766278147,0.3991979658603668,0.9193396057229896,0.9006924526912593,0.9330414222052463,0.8,0.9
baseline,RandomForest,2024,2,glass_adhesion_kpa,63,0.8604774113391591,24.93381611966791,17.426741608603532,0.3735272288322449,0.9390981042846802,0.934727039322294,0.9457193547081825,0.8,0.8666666666666667
baseline,HistGB,2024,2,glass_adhesion_kpa,63,0.8013269511426364,29.753356635044145,21.02125667808827,0.44572752714157104,0.9123878457606994,0.9127413684097215,0.919930174229394,0.8,0.8333333333333334
baseline,MLP,2024,2,glass_adhesion_kpa,63,0.7077888250350952,36.08401688301986,29.48031234741211,0.5405656099319458,0.8555123209953308,0.7843316092587798,0.8692585031506934,0.8,0.8
baseline,Mean,2024,3,glass_adhesion_kpa,63,-0.00045859813690185547,74.63051565671712,59.02837371826172,1.0002292394638062,,,0.0,0.05,0.16666666666666666
baseline,Ridge,2024,3,glass_adhesion_kpa,63,0.8078235983848572,32.70897172114537,24.588394165039062,0.43837928771972656,0.8994059562683105,0.9203149001536098,0.9113415111654674,0.7,0.8666666666666667
baseline,ElasticNet,2024,3,glass_adhesion_kpa,63,0.8080258369445801,32.69175514548259,24.583162307739258,0.43814849853515625,0.8995048999786377,0.9203149001536098,0.9114200024101016,0.7,0.8666666666666667
baseline,KNN,2024,3,glass_adhesion_kpa,63,0.8533730900255636,28.57088581186205,20.929561104763348,0.38291892409324646,0.9247123999685689,0.9141705069124423,0.934207880651498,0.75,0.8666666666666667
baseline,SVR-RBF,2024,3,glass_adhesion_kpa,63,0.8463802543206438,29.244243084474615,19.937277625544404,0.3919435441493988,0.9208585509732631,0.9035138248847927,0.9299647141666019,0.75,0.8666666666666667
baseline,RandomForest,2024,3,glass_adhesion_kpa,63,0.8663829626179307,27.273933884194754,19.437174287830352,0.3655366003513336,0.9320400553732291,0.9126344086021505,0.9400488113481015,0.7,0.8666666666666667
baseline,HistGB,2024,3,glass_adhesion_kpa,63,0.8435224755572263,29.515004085020372,21.52427473646527,0.39557236433029175,0.9184417815770533,0.91396546144088,0.9297147258600654,0.7,0.8333333333333334
baseline,MLP,2024,3,glass_adhesion_kpa,63,0.7784495949745178,35.119890920691226,27.676189422607422,0.47069141268730164,0.8824945688247681,0.843509984639017,0.8918824944676428,0.75,0.8
baseline,Mean,2024,4,glass_adhesion_kpa,63,-0.023956298828125,85.1607624951186,63.536434173583984,1.0119072198867798,,,0.0,0.05,0.16666666666666666
baseline,Ridge,2024,4,glass_adhesion_kpa,63,0.7707338333129883,40.29663871586407,31.02646827697754,0.47881749272346497,0.9038610458374023,0.8904089861751153,0.8738489221032206,0.85,0.8333333333333334
baseline,ElasticNet,2024,4,glass_adhesion_kpa,63,0.7701070308685303,40.35168275030485,31.166236877441406,0.4794715642929077,0.9035311937332153,0.8887288786482336,0.8733465940853653,0.85,0.8333333333333334
baseline,KNN,2024,4,glass_adhesion_kpa,63,0.8546099985151447,32.089733991253055,22.427322195358958,0.3813004195690155,0.9301743347957286,0.8962173579109064,0.9333190743933072,0.9,0.8333333333333334
baseline,SVR-RBF,2024,4,glass_adhesion_kpa,63,0.7690350763218041,40.44565389180344,28.512241039370203,0.4805881083011627,0.9246097394527737,0.929147465437788,0.8742531550409122,0.9,0.9
baseline,RandomForest,2024,4,glass_adhesion_kpa,63,0.8184765028059343,35.856283378847365,24.777315884804157,0.42605578899383545,0.9269875041614213,0.9132584485407068,0.9038679662121459,0.95,0.8333333333333334
baseline,HistGB,2024,4,glass_adhesion_kpa,63,0.8020328622042592,37.44513481888179,25.608839784911346,0.44493499398231506,0.9199401485674941,0.9176747311827956,0.8951550911763474,0.85,0.8333333333333334
baseline,MLP,2024,4,glass_adhesion_kpa,63,0.7118382453918457,45.17695783838538,36.770301818847656,0.5368070006370544,0.8646946549415588,0.7488959293394778,0.8384401000020557,0.85,0.8666666666666667
baseline,Mean,7,0,glass_adhesion_kpa,64,-8.33272933959961e-05,69.93947578755149,56.24390411376953,1.0000417232513428,0.0,0.0,0.0,0.05,0.16666666666666666
baseline,Ridge,7,0,glass_adhesion_kpa,64,0.7927942872047424,31.835021075767035,24.361347198486328,0.4551985561847687,0.8922630548477173,0.8882656624398628,0.905069857312991,0.9,0.9666666666666667
baseline,ElasticNet,7,0,glass_adhesion_kpa,64,0.7933526635169983,31.79209692294317,24.297330856323242,0.4545847773551941,0.8925056457519531,0.8860220470137151,0.905319910436216,0.9,0.9666666666666667
baseline,KNN,7,0,glass_adhesion_kpa,64,0.8135018891624725,30.202402393408246,21.423571338990563,0.431854248046875,0.9079714394205003,0.9179592257838797,0.9189043761373062,0.8,0.9333333333333333
baseline,SVR-RBF,7,0,glass_adhesion_kpa,64,0.8349317572147161,28.41423938885952,19.217593775509926,0.4062859117984772,0.9146409249840781,0.9424329491568587,0.9265878191117062,0.85,0.9666666666666667
baseline,RandomForest,7,0,glass_adhesion_kpa,64,0.8288148432131123,28.935921894580392,20.21509979776658,0.41374528408050537,0.9106837645713366,0.9345802951653417,0.919206388307771,0.85,0.9333333333333333
baseline,HistGB,7,0,glass_adhesion_kpa,64,0.7589352502520655,34.33769396579718,24.22348518701424,0.49098342657089233,0.873774049550344,0.905253036380696,0.885927354982736,0.85,0.9333333333333333
baseline,MLP,7,0,glass_adhesion_kpa,64,0.7176363468170166,37.16281842436318,27.80457305908203,0.531378984451294,0.8539340496063232,0.8826337298395329,0.8633022099834858,0.8,0.8666666666666667
baseline,Mean,7,1,glass_adhesion_kpa,63,-0.0006077289581298828,79.3796443031052,60.137516021728516,1.000303864479065,,,0.0,0.0,0.16666666666666666
baseline,Ridge,7,1,glass_adhesion_kpa,63,0.7151958346366882,42.34970553136999,32.373775482177734,0.5336704254150391,0.8529398441314697,0.8269969278033795,0.833589204201642,0.9,0.8
baseline,ElasticNet,7,1,glass_adhesion_kpa,63,0.7137323617935181,42.45837374389842,32.41745376586914,0.5350398421287537,0.8519501090049744,0.826804915514593,0.8324189596042749,0.9,0.8
baseline,KNN,7,1,glass_adhesion_kpa,63,0.7764167879965884,37.522936726472125,26.971328800073362,0.4728458523750305,0.8815665809877782,0.8813364055299538,0.8848278230527887,0.8,0.8333333333333334
baseline,SVR-RBF,7,1,glass_adhesion_kpa,63,0.7688435037033399,38.153139205025795,28.037720761213148,0.48078736662864685,0.8875479590401283,0.9002016129032258,0.8691043238332479,0.8,0.8333333333333334
baseline,RandomForest,7,1,glass_adhesion_kpa,63,0.7501014700075654,39.66971462464921,28.904824016573826,0.4998985230922699,0.8684396913528332,0.854886712749616,0.8620800088328335,0.8,0.8
baseline,HistGB,7,1,glass_adhesion_kpa,63,0.6785918205172665,44.98893246545823,32.49745108350255,0.5669287443161011,0.8255036610929721,0.8346294162826422,0.820377657201597,0.85,0.8
baseline,MLP,7,1,glass_adhesion_kpa,63,0.49366098642349243,56.46741619550938,41.36951446533203,0.7115749716758728,0.7322525382041931,0.6465533794162828,0.7425232041041898,0.75,0.7
baseline,Mean,7,2,glass_adhesion_kpa,63,-0.007590174674987793,69.36318170731862,56.768184661865234,1.003787875175476,,,0.0,0.05,0.3
baseline,Ridge,7,2,glass_adhesion_kpa,63,0.7796127200126648,32.43995918845209,24.714189529418945,0.46945422887802124,0.9029338359832764,0.8898169822748867,0.9102223249571256,0.85,0.8333333333333334
baseline,ElasticNet,7,2,glass_adhesion_kpa,63,0.7805906534194946,32.367906890689966,24.688615798950195,0.46841153502464294,0.9032795429229736,0.8898169822748867,0.910601713154381,0.85,0.8333333333333334
baseline,KNN,7,2,glass_adhesion_kpa,63,0.8206308853485024,29.265832313693654,22.557390791623085,0.42351990938186646,0.9077531076769509,0.8573897395295972,0.9218404095736173,0.9,0.8
baseline,SVR-RBF,7,2,glass_adhesion_kpa,63,0.8719020072689216,24.73194145962311,19.14737611098984,0.35790780186653137,0.9396304419356646,0.9406060612156953,0.9468843494532612,0.85,0.8666666666666667
baseline,RandomForest,7,2,glass_adhesion_kpa,63,0.8343459521000125,28.124711355110392,21.327787734175697,0.4070062041282654,0.9137702926721498,0.8766876693350841,0.9252967667542666,0.9,0.8
baseline,HistGB,7,2,glass_adhesion_kpa,63,0.7818123604580404,32.27766572049512,25.14426147470402,0.46710556745529175,0.8860942247639124,0.847500750624298,0.8986186983999194,0.85,0.7666666666666667
baseline,MLP,7,2,glass_adhesion_kpa,63,0.7483247518539429,34.6662853904689,28.657543182373047,0.5016724467277527,0.8724576830863953,0.7175757580408397,0.8681233523529399,0.85,0.7666666666666667
baseline,Mean,7,3,glass_adhesion_kpa,63,-0.002144455909729004,80.08555605764687,61.045989990234375,1.0010716915130615,,,0.0,0.05,0.13333333333333333
baseline,Ridge,7,3,glass_adhesion_kpa,63,0.7349809408187866,41.18391368111766,30.828588485717773,0.5148000717163086,0.8629986643791199,0.8673675115207373,0.8504940802543741,0.8,0.8333333333333334
baseline,ElasticNet,7,3,glass_adhesion_kpa,63,0.7302150130271912,41.552573121382174,31.2127628326416,0.5194083452224731,0.86250239610672,0.8653033794162828,0.8433607124420617,0.8,0.8333333333333334
baseline,KNN,7,3,glass_adhesion_kpa,63,0.7533026794602247,39.73481838698187,24.53797461700986,0.49668630957603455,0.8702362569836308,0.8723598310291859,0.8817579833341387,0.75,0.8333333333333334
baseline,SVR-RBF,7,3,glass_adhesion_kpa,63,0.7629274285897379,38.95199190321787,26.926489304569238,0.4869009554386139,0.8747231639216049,0.8740879416282642,0.885366707946345,0.75,0.8666666666666667
baseline,RandomForest,7,3,glass_adhesion_kpa,63,0.7718793314440876,38.20949817935218,23.408849682721424,0.47761979699134827,0.8787499480949392,0.8855126728110599,0.8836861420573872,0.75,0.8333333333333334
baseline,HistGB,7,3,glass_adhesion_kpa,63,0.7223269187628021,42.155661237169866,25.07918771609211,0.5269469618797302,0.8519168676292322,0.8682315668202765,0.8602619503443126,0.75,0.8666666666666667
baseline,MLP,7,3,glass_adhesion_kpa,63,0.6917993426322937,44.412559753601094,34.31635284423828,0.5551581978797913,0.8398157954216003,0.7943068356374808,0.844479980789279,0.7,0.8
baseline,Mean,7,4,glass_adhesion_kpa,63,-0.0002071857452392578,69.85518991881527,58.70653533935547,1.0001035928726196,,,0.0,0.05,0.13333333333333333
baseline,Ridge,7,4,glass_adhesion_kpa,63,0.8147369623184204,30.06408864857758,23.607789993286133,0.4304218888282776,0.9090287089347839,0.9056259600614438,0.9167923963273926,0.75,0.9333333333333333
baseline,ElasticNet,7,4,glass_adhesion_kpa,63,0.8170014023780823,29.87979049261913,23.606224060058594,0.427783340215683,0.9104106426239014,0.9048579109062981,0.9172571188709142,0.75,0.9333333333333333
baseline,KNN,7,4,glass_adhesion_kpa,63,0.8165645447835084,29.91543579584221,23.41178135308433,0.4282936453819275,0.9165369921893265,0.9225710445468511,0.9229165377353775,0.75,0.9333333333333333
baseline,SVR-RBF,7,4,glass_adhesion_kpa,63,0.8387647809092895,28.04682140169971,19.833000523823866,0.4015410542488098,0.9181063033555616,0.9397081413210446,0.9311062647736437,0.75,0.9333333333333333
baseline,RandomForest,7,4,glass_adhesion_kpa,63,0.810638348423472,30.394829344756456,21.298302911327696,0.43515703082084656,0.9017340762300348,0.9278513824884794,0.9078484669464842,0.7,0.9333333333333333
baseline,HistGB,7,4,glass_adhesion_kpa,63,0.7742039291631635,33.190353893133725,22.793488106727217,0.4751800298690796,0.8804494291178093,0.9047093284871324,0.8894113531268991,0.8,0.9
baseline,MLP,7,4,glass_adhesion_kpa,63,0.7567428350448608,34.44978370986166,27.039941787719727,0.4932110607624054,0.8785266280174255,0.8605030721966206,0.8894045668263422,0.75,0.8666666666666667
baseline,Mean,1337,0,glass_adhesion_kpa,64,-0.0010530948638916016,74.46629113649342,60.03462600708008,1.0005264282226562,,,0.0,0.1,0.23333333333333334
baseline,Ridge,1337,0,glass_adhesion_kpa,64,0.8446693420410156,29.333223284890632,23.043994903564453,0.39412015676498413,0.9197874665260315,0.9099816849816849,0.9333440792452745,0.85,0.8666666666666667
baseline,ElasticNet,1337,0,glass_adhesion_kpa,64,0.8447802066802979,29.32275419489477,23.004608154296875,0.3939794898033142,0.9197378158569336,0.9087454212454211,0.9331441980717213,0.85,0.8666666666666667
baseline,KNN,1337,0,glass_adhesion_kpa,64,0.8413437459341895,29.64556692020942,20.953374176275226,0.39831680059432983,0.9314885583701927,0.909661172161172,0.9405417320906496,0.9,0.8333333333333334
baseline,SVR-RBF,1337,0,glass_adhesion_kpa,64,0.8499810220242587,28.827319598897,21.576666269360153,0.3873228430747986,0.9230478698320947,0.8973901098901097,0.9346684836463875,0.8,0.8333333333333334
baseline,RandomForest,1337,0,glass_adhesion_kpa,64,0.8645703008675252,27.389753176055002,19.532722199896064,0.36800774931907654,0.9337070503692824,0.9185439560439559,0.9475678756731526,0.85,0.8333333333333334
baseline,HistGB,1337,0,glass_adhesion_kpa,64,0.8413608708224105,29.643966949496708,21.622775380124004,0.3982952833175659,0.9231598793914249,0.9112179487179486,0.9373694271470107,0.9,0.8
baseline,MLP,1337,0,glass_adhesion_kpa,64,0.7885076999664307,34.2277599439585,28.092670440673828,0.4598829746246338,0.8913205862045288,0.8391483516483514,0.9044399871672301,0.9,0.7666666666666667
baseline,Mean,1337,1,glass_adhesion_kpa,63,-0.013596177101135254,68.9497878327954,55.70241928100586,1.006775140762329,,,0.0,0.0,0.2
baseline,Ridge,1337,1,glass_adhesion_kpa,63,0.7736709117889404,32.58146715470507,25.47194480895996,0.47574055194854736,0.8889110088348389,0.8989535330261138,0.9027482925787023,0.85,0.9
baseline,ElasticNet,1337,1,glass_adhesion_kpa,63,0.7738746404647827,32.566799590178874,25.46833038330078,0.4755263924598694,0.8889885544776917,0.8989535330261138,0.9028265458442033,0.85,0.9
baseline,KNN,1337,1,glass_adhesion_kpa,63,0.8136555348208785,29.56369439526601,21.196112850942782,0.43167635798454285,0.9215195271616072,0.9460925499231951,0.92549725504385,0.85,0.9
baseline,SVR-RBF,1337,1,glass_adhesion_kpa,63,0.8285413052655258,28.358301266943858,19.798822192184755,0.41407573223114014,0.9138593169700199,0.9451324884792628,0.9278013573666258,0.9,0.9
baseline,RandomForest,1337,1,glass_adhesion_kpa,63,0.8155880445262209,29.40999778982666,20.784610773587307,0.4294321537017822,0.9091582222463892,0.9376440092165899,0.9186255194693507,0.85,0.9
baseline,HistGB,1337,1,glass_adhesion_kpa,63,0.7506331595337171,34.199503939277896,23.290918835878845,0.4993664622306824,0.8740451205548156,0.9302515360983103,0.8860489950906797,0.8,0.8666666666666667
baseline,MLP,1337,1,glass_adhesion_kpa,63,0.7942894697189331,31.06194981907124,23.351774215698242,0.4535532593727112,0.9003384709358215,0.9213709677419356,0.9120653651816211,0.85,0.8666666666666667
baseline,Mean,1337,2,glass_adhesion_kpa,63,-0.014733195304870605,63.031178343414894,52.21185302734375,1.007339596748352,,,0.0,0.05,0.16666666666666666
baseline,Ridge,1337,2,glass_adhesion_kpa,63,0.7277673482894897,32.64747564537915,24.410173416137695,0.5217592120170593,0.8582513332366943,0.8476585942004368,0.8709495730295996,0.9,0.8666666666666667
baseline,ElasticNet,1337,2,glass_adhesion_kpa,63,0.7282559871673584,32.618165217382135,24.24107551574707,0.5212907195091248,0.8584539890289307,0.847394570966316,0.8711703861924368,0.9,0.8666666666666667
baseline,KNN,1337,2,glass_adhesion_kpa,63,0.7959874586710083,28.262327406425165,21.621091750896053,0.45167747139930725,0.8963611497474017,0.8960948566054793,0.9102377733785386,0.85,0.8333333333333334
baseline,SVR-RBF,1337,2,glass_adhesion_kpa,63,0.8227630380990352,26.342478775141334,19.420162910016725,0.42099520564079285,0.9106225932062875,0.903655521946207,0.9189622575554269,0.85,0.9
baseline,RandomForest,1337,2,glass_adhesion_kpa,63,0.8390933002300403,25.099585761808672,18.690116050817732,0.4011317789554596,0.9178588785182621,0.9154165569206721,0.9317324337352145,0.9,0.8333333333333334
baseline,HistGB,1337,2,glass_adhesion_kpa,63,0.7715407481992735,29.907758517206748,21.905326999202362,0.4779741168022156,0.8903845014869021,0.8846458490895204,0.9039366394144193,0.9,0.8
baseline,MLP,1337,2,glass_adhesion_kpa,63,0.6754912734031677,35.644513912667016,24.091463088989258,0.5696566700935364,0.842119574546814,0.8630679502282056,0.8554037648062025,0.8,0.8333333333333334
baseline,Mean,1337,3,glass_adhesion_kpa,63,-0.00011336803436279297,74.13925018482956,59.96158218383789,1.0000567436218262,,,0.0,0.1,0.2
baseline,Ridge,1337,3,glass_adhesion_kpa,63,0.8154670000076294,31.846421778248885,24.966339111328125,0.42957308888435364,0.9041845202445984,0.8829176970116396,0.9103536953086704,0.8,0.8666666666666667
baseline,ElasticNet,1337,3,glass_adhesion_kpa,63,0.8090840578079224,32.392513060022836,25.146902084350586,0.4369392693042755,0.9008463621139526,0.8630439481160126,0.9064435991895973,0.8,0.8666666666666667
baseline,KNN,1337,3,glass_adhesion_kpa,63,0.780880921985523,34.702736350341794,24.484648408885377,0.4681016206741333,0.8869008552562202,0.879509397080264,0.8995962941237853,0.8,0.8666666666666667
baseline,SVR-RBF,1337,3,glass_adhesion_kpa,63,0.8366615483206659,29.96179595498099,21.683629800966575,0.4041515588760376,0.9207928049999621,0.9278256489243427,0.924047961786153,0.85,0.8333333333333334
baseline,RandomForest,1337,3,glass_adhesion_kpa,63,0.817320969696459,31.68604054796321,22.414046743650328,0.42740973830223083,0.9041096220230399,0.898831097395457,0.9136155934706979,0.8,0.8666666666666667
baseline,HistGB,1337,3,glass_adhesion_kpa,63,0.8076025164454501,32.51796194898097,22.31870937348357,0.43863144516944885,0.8992047452265232,0.9068718049800403,0.9110641268921096,0.8,0.8
baseline,MLP,1337,3,glass_adhesion_kpa,63,0.6779149770736694,42.073516446011645,33.15310287475586,0.567525327205658,0.8264829516410828,0.7750522048172584,0.834915832873513,0.7,0.8333333333333334
baseline,Mean,1337,4,glass_adhesion_kpa,63,-0.020475387573242188,87.17228809948722,65.4248046875,1.0101858377456665,,,0.0,0.0,0.16666666666666666
baseline,Ridge,1337,4,glass_adhesion_kpa,63,0.7438397407531738,43.67501665801772,32.01175308227539,0.5061228275299072,0.8727827668190002,0.8563130798557282,0.847838388108441,0.85,0.8333333333333334
baseline,ElasticNet,1337,4,glass_adhesion_kpa,63,0.7435934543609619,43.69600602323755,32.04054260253906,0.5063660144805908,0.87269127368927,0.8563130798557282,0.8476099367885208,0.85,0.8333333333333334
baseline,KNN,1337,4,glass_adhesion_kpa,63,0.7566848792834412,42.56589201874674,29.22568021413387,0.49326983094215393,0.8742798254893277,0.8801468912271085,0.8710785075867278,0.8,0.8666666666666667
baseline,SVR-RBF,1337,4,glass_adhesion_kpa,63,0.7658160493142446,41.75954458055498,29.05333201498596,0.48392558097839355,0.8835356469826778,0.9023485785569444,0.8662906652847961,0.8,0.8333333333333334
baseline,RandomForest,1337,4,glass_adhesion_kpa,63,0.7310981334796881,44.74804827817651,30.236563462133617,0.5185574889183044,0.8644125138636076,0.869850108670893,0.8391510551075706,0.8,0.8666666666666667
baseline,HistGB,1337,4,glass_adhesion_kpa,63,0.6793571468784039,48.86388257342888,30.519177612494236,0.5662533640861511,0.8253596776405484,0.8456184144204689,0.8168973488428586,0.8,0.8666666666666667
baseline,MLP,1337,4,glass_adhesion_kpa,63,0.6720305681228638,49.41899246652293,36.64408493041992,0.5726861953735352,0.8259835839271545,0.7476088183240245,0.798047419421614,0.8,0.8
baseline,Mean,20260731,0,glass_adhesion_kpa,64,-0.0005125999450683594,69.4399119180569,54.41954803466797,1.0002562999725342,0.0,0.0,0.0,0.1,0.16666666666666666
baseline,Ridge,20260731,0,glass_adhesion_kpa,64,0.6714669466018677,39.79123377273253,28.22163200378418,0.5731780529022217,0.8266310095787048,0.833489777914812,0.8357104472830147,0.8,0.8333333333333334
baseline,ElasticNet,20260731,0,glass_adhesion_kpa,64,0.6712048053741455,39.80710937798988,28.224353790283203,0.5734066963195801,0.8264795541763306,0.8337187208851782,0.8355714889936326,0.8,0.8333333333333334
baseline,KNN,20260731,0,glass_adhesion_kpa,64,0.575675180290232,45.221723189557586,26.843704930439415,0.6514022350311279,0.8074201554479659,0.8512557524152212,0.8131780445136046,0.8,0.8666666666666667
baseline,SVR-RBF,20260731,0,glass_adhesion_kpa,64,0.7375354171152055,35.56585417315782,23.593638598113372,0.5123130083084106,0.8592761876044255,0.878774697453226,0.8656583869294434,0.75,0.8666666666666667
baseline,RandomForest,20260731,0,glass_adhesion_kpa,64,0.7178891731827326,36.87293998036995,22.481710060102586,0.5311411023139954,0.851900842045255,0.8731427003822199,0.8620272806886875,0.8,0.8333333333333334
baseline,HistGB,20260731,0,glass_adhesion_kpa,64,0.5899316029904345,44.4555553420718,27.157778113966522,0.6403658390045166,0.7945932465350121,0.8354586874599605,0.8068614559656264,0.8,0.8666666666666667
baseline,MLP,20260731,0,glass_adhesion_kpa,64,0.5999467968940735,43.90932484784695,31.863269805908203,0.6324976086616516,0.7927250862121582,0.8045513864605375,0.80407548921957,0.8,0.8333333333333334
baseline,Mean,20260731,1,glass_adhesion_kpa,63,-0.001769423484802246,75.34899595486492,59.810638427734375,1.0008844137191772,,,0.0,0.0,0.16666666666666666
baseline,Ridge,20260731,1,glass_adhesion_kpa,63,0.7445230484008789,38.05129754840415,30.30643653869629,0.5054473280906677,0.8630056977272034,0.8173003072196621,0.8650184536481818,0.85,0.8
baseline,ElasticNet,20260731,1,glass_adhesion_kpa,63,0.7495259046554565,37.676882638450365,30.225534439086914,0.5004738569259644,0.866459846496582,0.8245487711213518,0.8657135614405095,0.85,0.8
baseline,KNN,20260731,1,glass_adhesion_kpa,63,0.793782821169372,34.18660637159796,25.590675542404377,0.4541114568710327,0.8962475942916012,0.875384024577573,0.906477408059212,0.9,0.8333333333333334
baseline,SVR-RBF,20260731,1,glass_adhesion_kpa,63,0.8351601661737686,30.565017932656147,23.531944924231865,0.40600472688674927,0.9148255768536482,0.917386712749616,0.9210983791926907,0.85,0.8666666666666667
baseline,RandomForest,20260731,1,glass_adhesion_kpa,63,0.8284214222052251,31.183517551361327,23.93053288778142,0.4142204523086548,0.913083244577242,0.8854166666666667,0.9159121744019554,0.9,0.8333333333333334
baseline,HistGB,20260731,1,glass_adhesion_kpa,63,0.7648897929109716,36.50306341598825,26.66050643866819,0.4848816692829132,0.8756295219245339,0.8641000410524953,0.8794129083978582,0.85,0.8
baseline,MLP,20260731,1,glass_adhesion_kpa,63,0.6255949139595032,46.06429673395384,35.51741027832031,0.6118865013122559,0.8245282769203186,0.7578245007680492,0.8058568774370486,0.8,0.8333333333333334
baseline,Mean,20260731,2,glass_adhesion_kpa,63,-0.0009175539016723633,76.49968724405022,62.160362243652344,1.0004587173461914,,,0.0,0.0,0.1
baseline,Ridge,20260731,2,glass_adhesion_kpa,63,0.7974224090576172,34.41566664110348,26.483598709106445,0.45008620619773865,0.8938531875610352,0.9052899385560678,0.9059690786621598,0.8,0.8666666666666667
baseline,ElasticNet,20260731,2,glass_adhesion_kpa,63,0.798876941204071,34.29189350212288,26.44032096862793,0.448467493057251,0.8945693373680115,0.9054339477726574,0.9065909995366578,0.8,0.8666666666666667
baseline,KNN,20260731,2,glass_adhesion_kpa,63,0.8446471671184914,30.13839208205841,22.02634433541978,0.39414820075035095,0.9213112769688634,0.9337557603686637,0.9342300759083042,0.85,0.8666666666666667
baseline,SVR-RBF,20260731,2,glass_adhesion_kpa,63,0.8549925505571667,29.11760477029967,20.57066850818916,0.38079842925071716,0.9265832929628007,0.9374519969278035,0.934327980649437,0.9,0.9
baseline,RandomForest,20260731,2,glass_adhesion_kpa,63,0.8274227043792048,31.76525305711874,21.975723076467148,0.4154242277145386,0.9101044399312552,0.9416762672811059,0.917734285391098,0.9,0.9
baseline,HistGB,20260731,2,glass_adhesion_kpa,63,0.8280374513276914,31.70862621802399,20.596466143772957,0.41468364000320435,0.9103547388021115,0.9360119047619049,0.923020602593966,0.9,0.8333333333333334
baseline,MLP,20260731,2,glass_adhesion_kpa,63,0.7323461771011353,39.55917522808789,31.07973289489746,0.5173527002334595,0.8571392893791199,0.8312211981566822,0.8528546846278765,0.75,0.8666666666666667
baseline,Mean,20260731,3,glass_adhesion_kpa,63,-0.0017946958541870117,77.05993380763768,59.66014862060547,1.0008970499038696,,,0.0,0.0,0.13333333333333333
baseline,Ridge,20260731,3,glass_adhesion_kpa,63,0.8344124555587769,31.329474137097023,24.175168991088867,0.4069245159626007,0.9159345626831055,0.9006336405529954,0.9184332076433104,0.85,0.9
baseline,ElasticNet,20260731,3,glass_adhesion_kpa,63,0.8343800902366638,31.33253651140107,24.19072151184082,0.4069643020629883,0.9159279465675354,0.9007776497695853,0.918395984214309,0.85,0.9
baseline,KNN,20260731,3,glass_adhesion_kpa,63,0.872070919193969,27.537463017110912,19.58503908607084,0.3576717674732208,0.9346827087686373,0.9461405529953918,0.9447869355967873,0.8,0.9333333333333333
baseline,SVR-RBF,20260731,3,glass_adhesion_kpa,63,0.8530499635770854,29.513732467485497,20.62485208540561,0.38334065675735474,0.9277404502609189,0.9516129032258066,0.9290376332485344,0.85,0.9333333333333333
baseline,RandomForest,20260731,3,glass_adhesion_kpa,63,0.8586547227503157,28.94542550701105,19.441060185151116,0.3759591579437256,0.9283935693957467,0.9441244239631337,0.9345131858740633,0.8,0.9333333333333333
baseline,HistGB,20260731,3,glass_adhesion_kpa,63,0.8234234503034782,32.35234762545943,21.03653228159296,0.4202101528644562,0.9089269643256543,0.9416282642089094,0.9214846582910188,0.85,0.9
baseline,MLP,20260731,3,glass_adhesion_kpa,63,0.7765264511108398,36.39588941902042,27.475915908813477,0.4727299213409424,0.8906615972518921,0.8067396313364056,0.8781168319233958,0.85,0.8333333333333334
baseline,Mean,20260731,4,glass_adhesion_kpa,63,-0.0001347064971923828,70.70590291504134,56.81186294555664,1.0000673532485962,,,0.0,0.05,0.23333333333333334
baseline,Ridge,20260731,4,glass_adhesion_kpa,63,0.8018589019775391,31.471227675238836,24.557300567626953,0.4451304078102112,0.8959578275680542,0.8677827788402636,0.9065679426811158,0.9,0.8333333333333334
baseline,ElasticNet,20260731,4,glass_adhesion_kpa,63,0.8018684387207031,31.470472271639014,24.556320190429688,0.445119708776474,0.8959617018699646,0.8677827788402636,0.9065671715694331,0.9,0.8333333333333334
baseline,KNN,20260731,4,glass_adhesion_kpa,63,0.8223426552426191,29.800118904801934,21.4096715026354,0.42149418592453003,0.9080922135857225,0.8992259231750743,0.9217790917293723,0.85,0.8333333333333334
baseline,SVR-RBF,20260731,4,glass_adhesion_kpa,63,0.8204704520690134,29.956728413590515,21.628006495909812,0.4237092435359955,0.9081933573366573,0.9056345640433142,0.9154770583824512,0.85,0.8333333333333334
baseline,RandomForest,20260731,4,glass_adhesion_kpa,63,0.837046792454472,28.54025638781839,19.920512017684793,0.4036746323108673,0.9152012226732681,0.9037623768233791,0.9239205984993755,0.9,0.8666666666666667
baseline,HistGB,20260731,4,glass_adhesion_kpa,63,0.7943256245250311,32.063911940614794,22.531690217761614,0.45351335406303406,0.8938814185548569,0.9037863792236346,0.9073886738322884,0.75,0.8666666666666667
baseline,MLP,20260731,4,glass_adhesion_kpa,63,0.7518220543861389,35.221514074652404,27.52227020263672,0.49817463755607605,0.8704748153686523,0.8135373542626513,0.8731589835858893,0.9,0.7333333333333333
baseline,Mean,11,0,glass_adhesion_kpa,64,-0.0004924535751342773,78.52680424144994,62.3438835144043,1.0002461671829224,0.0,0.0,0.0,0.0,0.13333333333333333
baseline,Ridge,11,0,glass_adhesion_kpa,64,0.8110716342926025,34.123976919187626,25.047603607177734,0.434658944606781,0.9032191634178162,0.931043956043956,0.9028727392499603,0.75,0.9
baseline,ElasticNet,11,0,glass_adhesion_kpa,64,0.8117590546607971,34.061835214269685,24.98503875732422,0.4338674247264862,0.9038064479827881,0.9316391941391942,0.9030443262292508,0.75,0.9
baseline,KNN,11,0,glass_adhesion_kpa,64,0.741538941860199,39.912468314464405,28.13650131225586,0.5083906650543213,0.8652054667472839,0.9190210184093054,0.8761300191839567,0.75,0.9333333333333333
baseline,SVR-RBF,11,0,glass_adhesion_kpa,64,0.8382367108503328,31.57555521975431,21.742981211533785,0.40219807624816895,0.9158678034441591,0.9366300366300364,0.9263220053171413,0.8,0.9666666666666667
baseline,RandomForest,11,0,glass_adhesion_kpa,64,0.8311844783247104,32.25649677823692,21.259487581802446,0.4108716547489166,0.9134809286373515,0.9382326007326006,0.9169626986095035,0.8,0.9333333333333333
baseline,HistGB,11,0,glass_adhesion_kpa,64,0.7642635450661274,38.117497942018744,25.32539506303868,0.4855269491672516,0.8750220945789025,0.8982142857142855,0.8848399879561151,0.8,0.9
baseline,MLP,11,0,glass_adhesion_kpa,64,0.7773058414459229,37.04805459952486,27.01111602783203,0.47190478444099426,0.8842796683311462,0.8769230769230769,0.8804028878893889,0.85,0.8666666666666667
baseline,Mean,11,1,glass_adhesion_kpa,63,-0.005933642387390137,75.584984247865,59.454776763916016,1.0029624700546265,,,0.0,0.05,0.26666666666666666
baseline,Ridge,11,1,glass_adhesion_kpa,63,0.7647480964660645,36.55253102610081,28.44896125793457,0.48502781987190247,0.8747212886810303,0.8651113671274963,0.8813615445637201,0.8,0.8666666666666667
baseline,ElasticNet,11,1,glass_adhesion_kpa,63,0.7656142711639404,36.485177989022134,28.37662696838379,0.4841340482234955,0.8751795887947083,0.8651593701996928,0.8816864609462827,0.8,0.8666666666666667
baseline,KNN,11,1,glass_adhesion_kpa,63,0.8098761275622216,32.86012339625769,23.24700114004307,0.4360319972038269,0.9026986320418694,0.9011136712749616,0.912264250115234,0.85,0.8666666666666667
baseline,SVR-RBF,11,1,glass_adhesion_kpa,63,0.8029255506147441,33.455384471075575,21.751228089561888,0.4439307153224945,0.896262270891508,0.9127784178187405,0.907077641465335,0.8,0.8666666666666667
baseline,RandomForest,11,1,glass_adhesion_kpa,63,0.7870449544705743,34.77721749274799,23.31259435778086,0.4614705741405487,0.8874623719397515,0.9122503840245776,0.8966454182137458,0.9,0.8666666666666667
baseline,HistGB,11,1,glass_adhesion_kpa,63,0.7610752431782667,36.83676135888247,24.72531713507584,0.4887993335723877,0.87447649678338,0.8903609831029184,0.8853581159955918,0.8,0.8666666666666667
baseline,MLP,11,1,glass_adhesion_kpa,63,0.7326362729072571,38.96745938119395,28.83396339416504,0.517072319984436,0.8560268878936768,0.8411098310291859,0.8605095674976928,0.8,0.8666666666666667
baseline,Mean,11,2,glass_adhesion_kpa,63,-8.320808410644531e-05,72.7821187958021,58.19520950317383,1.0000416040420532,,,0.0,0.0,0.2
baseline,Ridge,11,2,glass_adhesion_kpa,63,0.8321123123168945,29.82057857819464,23.637283325195312,0.40974101424217224,0.9131588935852051,0.8809869550720213,0.9246427327911765,0.85,0.8333333333333334
baseline,ElasticNet,11,2,glass_adhesion_kpa,63,0.8322205543518066,29.810966532233362,23.634416580200195,0.40960893034935,0.9132100343704224,0.8809869550720213,0.9246833463731523,0.85,0.8333333333333334
baseline,KNN,11,2,glass_adhesion_kpa,63,0.8347526340365437,29.585157206098728,20.479552668043926,0.4065062701702118,0.9185204580833006,0.864761721953136,0.9289993449711154,0.9,0.8333333333333334
baseline,SVR-RBF,11,2,glass_adhesion_kpa,63,0.8647337425000763,26.76710149483842,20.371011037771552,0.36778560280799866,0.939454785535624,0.9146855161650909,0.9362580893181145,0.9,0.8333333333333334
baseline,RandomForest,11,2,glass_adhesion_kpa,63,0.8560593628882512,27.612028873457135,19.821561940247122,0.379395067691803,0.9275814576844804,0.8814669915548285,0.9322766163773748,0.9,0.8333333333333334
baseline,HistGB,11,2,glass_adhesion_kpa,63,0.8333653407436457,29.70908507459236,22.223521283670962,0.40820908546447754,0.9138290448482789,0.8850538847418572,0.920142518623042,0.9,0.8333333333333334
baseline,MLP,11,2,glass_adhesion_kpa,63,0.768956184387207,34.98273848896767,25.899484634399414,0.48067018389701843,0.880634605884552,0.8066053020610366,0.8908231200999626,0.8,0.7666666666666667
baseline,Mean,11,3,glass_adhesion_kpa,63,-0.004948854446411133,67.9203275789914,54.340572357177734,1.0024713277816772,,,0.0,0.1,0.16666666666666666
baseline,Ridge,11,3,glass_adhesion_kpa,63,0.6902096271514893,37.71045275610348,25.767736434936523,0.5565881729125977,0.85276198387146,0.8539746543778802,0.8624962230906964,0.75,0.8666666666666667
baseline,ElasticNet,11,3,glass_adhesion_kpa,63,0.6899775266647339,37.724574943761795,25.68321418762207,0.5567966103553772,0.8522912859916687,0.8532546082949309,0.8620638518083402,0.75,0.8666666666666667
baseline,KNN,11,3,glass_adhesion_kpa,63,0.663201551552429,39.319936867231554,22.345554444558505,0.5803433656692505,0.8595172482622305,0.8817684331797235,0.8616139857176415,0.7,0.8666666666666667
baseline,SVR-RBF,11,3,glass_adhesion_kpa,63,0.760932530355514,33.127450462207676,21.558501705076033,0.48894521594047546,0.8855884486142852,0.9033218125960062,0.8992327554357483,0.8,0.8333333333333334
baseline,RandomForest,11,3,glass_adhesion_kpa,63,0.7325818587938994,35.036700734632454,20.66281151257515,0.5171248912811279,0.8762388905906241,0.8919450844854071,0.8861684419859748,0.8,0.8666666666666667
baseline,HistGB,11,3,glass_adhesion_kpa,63,0.6323469375996068,41.08155412410075,23.86423464615959,0.6063439846038818,0.8465786420847861,0.8851286482334869,0.8507247890891853,0.85,0.8666666666666667
baseline,MLP,11,3,glass_adhesion_kpa,63,0.5808619260787964,43.86380983768467,33.12983703613281,0.6474087834358215,0.8017582893371582,0.7554723502304148,0.8116443165666412,0.75,0.8333333333333334
baseline,Mean,11,4,glass_adhesion_kpa,63,-0.00035119056701660156,74.09156536741379,58.543373107910156,1.0001755952835083,,,0.0,0.05,0.16666666666666666
baseline,Ridge,11,4,glass_adhesion_kpa,63,0.7427650690078735,37.57140987298387,30.842754364013672,0.507183313369751,0.863705575466156,0.8166282642089094,0.8621363652817211,0.9,0.8333333333333334
baseline,ElasticNet,11,4,glass_adhesion_kpa,63,0.7406784296035767,37.72348607124198,31.050588607788086,0.5092362761497498,0.8628806471824646,0.8143721198156683,0.8595693489392353,0.9,0.8333333333333334
baseline,KNN,11,4,glass_adhesion_kpa,63,0.8473695884501998,28.940970133336673,21.93949932544545,0.39067941904067993,0.9217743216603292,0.8945372503840247,0.9361234246372317,0.9,0.8
baseline,SVR-RBF,11,4,glass_adhesion_kpa,63,0.8458963790517069,29.080305800250702,22.49943992699102,0.39256033301353455,0.931767481705995,0.9222830261136713,0.9260437403077976,0.9,0.8
baseline,RandomForest,11,4,glass_adhesion_kpa,63,0.8431530350872503,29.338006945711335,22.85219793923241,0.39603909850120544,0.9252326970821738,0.9186827956989247,0.9218215538100913,0.9,0.8666666666666667
baseline,HistGB,11,4,glass_adhesion_kpa,63,0.7791204760749624,34.815310775845155,25.19768922994258,0.4699782431125641,0.887160949010481,0.8937692012288788,0.8851371073533748,0.85,0.8333333333333334
baseline,MLP,11,4,glass_adhesion_kpa,63,0.6811638474464417,41.828886689926975,34.30619812011719,0.5646557807922363,0.8289410471916199,0.7558083717357912,0.8363111216479584,0.85,0.8
baseline,Mean,99,0,glass_adhesion_kpa,64,-0.006531119346618652,74.4800990617628,58.862667083740234,1.0032602548599243,0.0,0.0,0.0,0.0,0.13333333333333333
baseline,Ridge,99,0,glass_adhesion_kpa,64,0.8054473996162415,32.74501430621252,25.773155212402344,0.441081166267395,0.8986459970474243,0.8810897435897433,0.9112812448390427,0.85,0.8666666666666667
baseline,ElasticNet,99,0,glass_adhesion_kpa,64,0.80500328540802,32.78236339267465,25.816055297851562,0.4415842890739441,0.89833664894104,0.8833333333333333,0.9108643482153073,0.85,0.8666666666666667
baseline,KNN,99,0,glass_adhesion_kpa,64,0.8066158702122302,32.64653356054158,25.49061478275999,0.4397546350955963,0.918838039226586,0.9229853479853479,0.9254752497586043,0.85,0.8666666666666667
baseline,SVR-RBF,99,0,glass_adhesion_kpa,64,0.8197140717930338,31.521550677756753,23.747114250887417,0.42460089921951294,0.9078251709441707,0.9345695970695971,0.9203029603588044,0.85,0.9
baseline,RandomForest,99,0,glass_adhesion_kpa,64,0.8052734774268403,32.759646981859085,22.04884972869276,0.44127827882766724,0.8998312660011186,0.9293498168498168,0.9135706582002882,0.9,0.8666666666666667
baseline,HistGB,99,0,glass_adhesion_kpa,64,0.764701321102501,36.011101311668604,24.89784091034046,0.4850759506225586,0.8791188936255273,0.9088827838827838,0.8925121635322858,0.85,0.8666666666666667
baseline,MLP,99,0,glass_adhesion_kpa,64,0.7689303159713745,35.686020588315635,28.179279327392578,0.48069703578948975,0.8785812854766846,0.8570512820512819,0.8888508675316985,0.9,0.8666666666666667
baseline,Mean,99,1,glass_adhesion_kpa,63,-0.00041162967681884766,73.62340830197961,56.59829330444336,1.0002057552337646,,,0.0,0.1,0.16666666666666666
baseline,Ridge,99,1,glass_adhesion_kpa,63,0.8100749254226685,32.07876810728944,24.03839874267578,0.43580392003059387,0.9053139686584473,0.8817684331797235,0.9018543738238439,0.9,0.8666666666666667
baseline,ElasticNet,99,1,glass_adhesion_kpa,63,0.8101156949996948,32.07532600124179,24.035953521728516,0.4357571303844452,0.9053225517272949,0.8817684331797235,0.9018843623532513,0.9,0.8666666666666667
baseline,KNN,99,1,glass_adhesion_kpa,63,0.8269398853338413,30.62140034134988,22.08988766701497,0.4160049557685852,0.9129550196954389,0.903225806451613,0.9125651744855243,0.85,0.8333333333333334
baseline,SVR-RBF,99,1,glass_adhesion_kpa,63,0.8296848836677283,30.37757848789137,22.089053502693528,0.41269251704216003,0.9239418736260441,0.9182987711213519,0.9110560398591888,0.85,0.8
baseline,RandomForest,99,1,glass_adhesion_kpa,63,0.8354786343145648,29.856418306890195,19.900264672366443,0.4056123197078705,0.924791227162814,0.9120583717357912,0.9166408367889364,0.9,0.8
baseline,HistGB,99,1,glass_adhesion_kpa,63,0.7814070414643725,34.414751495160935,24.073755321897806,0.4675392806529999,0.8949448094053144,0.8915130568356376,0.8858812503791448,0.8,0.8333333333333334
baseline,MLP,99,1,glass_adhesion_kpa,63,0.7499307990074158,36.80922530267124,28.59248161315918,0.500069260597229,0.886517345905304,0.8370775729646698,0.8590209343902541,0.85,0.8333333333333334
baseline,Mean,99,2,glass_adhesion_kpa,63,-0.0030297040939331055,71.01773408584295,59.09397888183594,1.0015137195587158,,,0.0,0.0,0.23333333333333334
baseline,Ridge,99,2,glass_adhesion_kpa,63,0.756554365158081,34.987340763079935,28.303823471069336,0.4934021234512329,0.8744118213653564,0.8398137480798773,0.8649547758093898,0.8,0.8333333333333334
baseline,ElasticNet,99,2,glass_adhesion_kpa,63,0.7692841291427612,34.0603156553057,28.14547348022461,0.4803289473056793,0.8840533494949341,0.8549347158218127,0.870687266577092,0.8,0.8666666666666667
baseline,KNN,99,2,glass_adhesion_kpa,63,0.7659998754337035,34.30188010968863,22.88582218915597,0.483735591173172,0.8870269105113866,0.8631432411674347,0.898555216506832,0.8,0.8666666666666667
baseline,SVR-RBF,99,2,glass_adhesion_kpa,63,0.8230580621244032,29.82807799776803,21.361479467028488,0.4206446409225464,0.909256876625607,0.9138824884792627,0.9184652209738003,0.8,0.9333333333333333
baseline,RandomForest,99,2,glass_adhesion_kpa,63,0.765024389129532,34.37330360620472,24.076889755722885,0.48474279046058655,0.8756928511754165,0.8740399385560678,0.8862999497756319,0.8,0.8666666666666667
baseline,HistGB,99,2,glass_adhesion_kpa,63,0.7802926002149108,33.23779634745628,23.227936604516966,0.46872955560684204,0.8851633047715857,0.9011593022781571,0.8968900600991034,0.85,0.8666666666666667
baseline,MLP,99,2,glass_adhesion_kpa,63,0.682847261428833,39.93412238749432,31.834819793701172,0.5631632208824158,0.8281948566436768,0.7817780337941629,0.8349760932431227,0.75,0.7666666666666667
baseline,Mean,99,3,glass_adhesion_kpa,63,-0.0002835988998413086,80.89616463791717,63.15024948120117,1.0001417398452759,,,0.0,0.0,0.16666666666666666
baseline,Ridge,99,3,glass_adhesion_kpa,63,0.7537009119987488,40.14188550229906,30.97748374938965,0.49628525972366333,0.8708989024162292,0.8306071262013995,0.8675752531241149,0.85,0.8666666666666667
baseline,ElasticNet,99,3,glass_adhesion_kpa,63,0.7441355586051941,40.91394241079378,31.808748245239258,0.5058304667472839,0.8670540452003479,0.828182941963223,0.8574803052455165,0.85,0.8666666666666667
baseline,KNN,99,3,glass_adhesion_kpa,63,0.8173490846326875,34.568242722087845,24.565847714137412,0.42737677693367004,0.913748073383475,0.9154535745375825,0.9205595821658127,0.8,0.9
baseline,SVR-RBF,99,3,glass_adhesion_kpa,63,0.853227184784267,30.98768898420842,23.125266338359335,0.3831093907356262,0.9276116495160962,0.9433436941886841,0.929537263292511,0.8,0.9
baseline,RandomForest,99,3,glass_adhesion_kpa,63,0.8370499937510094,32.650780470736656,24.14289234979118,0.40367066860198975,0.9219208692941017,0.9019405475465582,0.9200535613401655,0.85,0.8666666666666667
baseline,HistGB,99,3,glass_adhesion_kpa,63,0.834636325693249,32.89170852078235,24.51096482278121,0.4066493511199951,0.9193685237412963,0.9201689748697885,0.9180481831237056,0.85,0.8666666666666667
baseline,MLP,99,3,glass_adhesion_kpa,63,0.7307624816894531,41.96953531469285,31.75171661376953,0.5188810229301453,0.8576144576072693,0.8615934811666082,0.8622809306159626,0.85,0.8666666666666667
baseline,Mean,99,4,glass_adhesion_kpa,63,-0.0011178255081176758,68.80308319990101,55.143516540527344,1.0005587339401245,,,0.0,0.1,0.23333333333333334
baseline,Ridge,99,4,glass_adhesion_kpa,63,0.6372694969177246,41.414968127006176,30.699270248413086,0.6022710800170898,0.8178539276123047,0.8059812546333872,0.8279173066105051,0.7,0.8
baseline,ElasticNet,99,4,glass_adhesion_kpa,63,0.6374220848083496,41.406254422169575,30.688112258911133,0.6021443605422974,0.8179091215133667,0.8059812546333872,0.8279728705418379,0.7,0.8
baseline,KNN,99,4,glass_adhesion_kpa,63,0.6536280788771252,40.47031792002715,25.632508786706854,0.5885336399078369,0.8453280779661947,0.8632736088564336,0.8503945967078469,0.75,0.8333333333333334
baseline,SVR-RBF,99,4,glass_adhesion_kpa,63,0.7067872325989379,37.23545930737332,24.865093520356705,0.5414911508560181,0.8458088506546001,0.8646897164807148,0.8573048872330551,0.7,0.8
baseline,RandomForest,99,4,glass_adhesion_kpa,63,0.7022577418146592,37.521959971840126,24.12080713238591,0.5456575751304626,0.8457175131185956,0.8613774647493448,0.8569711476084344,0.7,0.8333333333333334
baseline,HistGB,99,4,glass_adhesion_kpa,63,0.6823716742614159,38.75474552738779,25.541848208652688,0.5635851621627808,0.8380931040543794,0.8525687952898316,0.8512400383428311,0.65,0.8333333333333334
baseline,MLP,99,4,glass_adhesion_kpa,63,0.5978199243545532,43.60894532437912,34.446414947509766,0.6341766715049744,0.7952378392219543,0.7351038679468955,0.8075368750606018,0.7,0.8
baseline,Mean,555,0,glass_adhesion_kpa,63,-0.00016450881958007812,72.47117894269245,57.181121826171875,1.00008225440979,,,0.0,0.0,0.13333333333333333
baseline,Ridge,555,0,glass_adhesion_kpa,63,0.8102298378944397,31.567744961790606,24.952741622924805,0.43562617897987366,0.9014285802841187,0.8746984771472464,0.9132976695321992,0.9,0.8666666666666667
baseline,ElasticNet,555,0,glass_adhesion_kpa,63,0.8098288774490356,31.601078681401447,24.98128318786621,0.43608614802360535,0.9012128114700317,0.8749384953886499,0.9130821216180035,0.9,0.8666666666666667
baseline,KNN,555,0,glass_adhesion_kpa,63,0.8519227504805927,27.88520227081775,20.981030656451882,0.38480809330940247,0.9260400644713268,0.9341509955429251,0.9407762900812432,0.9,0.8666666666666667
baseline,SVR-RBF,555,0,glass_adhesion_kpa,63,0.8236933035567746,30.427343233418195,21.861905181598665,0.4198889434337616,0.913663141400703,0.9187178226206719,0.9201894721759292,0.85,0.8666666666666667
baseline,RandomForest,555,0,glass_adhesion_kpa,63,0.8589870891041487,27.211912665724157,18.782189784957254,0.3755168616771698,0.9282956719111668,0.9313667839426433,0.9390620091553618,0.9,0.8333333333333334
baseline,HistGB,555,0,glass_adhesion_kpa,63,0.8466040470626787,28.38158075369769,19.64954370908581,0.3916579782962799,0.9213102764711965,0.9359751341775928,0.9337964713727336,0.9,0.8666666666666667
baseline,MLP,555,0,glass_adhesion_kpa,63,0.7889553308486938,33.29023316264753,24.614368438720703,0.45939603447914124,0.8949617743492126,0.8821150408066183,0.9051283818710348,0.85,0.8
baseline,Mean,555,1,glass_adhesion_kpa,64,-0.002426624298095703,81.87385495382516,62.77384567260742,1.0012125968933105,,,0.0,0.05,0.13333333333333333
baseline,Ridge,555,1,glass_adhesion_kpa,64,0.7263442277908325,42.778074092306625,29.687061309814453,0.5231211185455322,0.8524249196052551,0.88489010989011,0.8543919161446323,0.8,0.8666666666666667
baseline,ElasticNet,555,1,glass_adhesion_kpa,64,0.7262232303619385,42.78753549060024,29.698545455932617,0.523236870765686,0.852354109287262,0.88489010989011,0.8543190236768322,0.8,0.8666666666666667
baseline,KNN,555,1,glass_adhesion_kpa,64,0.6954760262305006,45.12629709227019,25.66529560636539,0.5518369078636169,0.843613873901783,0.8734432234432234,0.8511272737672805,0.8,0.9
baseline,SVR-RBF,555,1,glass_adhesion_kpa,64,0.7584395190232974,40.19128548434051,26.805512444424252,0.4914880394935608,0.8719993223247556,0.8992673992673992,0.8717824026031795,0.7,0.8666666666666667
baseline,RandomForest,555,1,glass_adhesion_kpa,64,0.7372905086556218,41.913780616623626,26.686824245490378,0.5125519633293152,0.8594608326399138,0.8799908424908425,0.8611151436491126,0.75,0.8666666666666667
baseline,HistGB,555,1,glass_adhesion_kpa,64,0.6997158435219678,44.81105445247977,28.234789527234028,0.5479819178581238,0.837041979400309,0.8765567765567764,0.8416475585866722,0.75,0.8666666666666667
baseline,MLP,555,1,glass_adhesion_kpa,64,0.6557110548019409,47.98223802633246,32.071258544921875,0.5867614150047302,0.812950849533081,0.823580586080586,0.8186286077992606,0.7,0.8333333333333334
baseline,Mean,555,2,glass_adhesion_kpa,63,-4.2557716369628906e-05,70.28304591413743,55.655338287353516,1.00002121925354,,,0.0,0.05,0.16666666666666666
baseline,Ridge,555,2,glass_adhesion_kpa,63,0.785888671875,32.52079225220286,26.48280906677246,0.46272164583206177,0.8868513703346252,0.860993435563099,0.891617970964432,0.8,0.8333333333333334
baseline,ElasticNet,555,2,glass_adhesion_kpa,63,0.7851935029029846,32.57354584124785,26.54053497314453,0.46347224712371826,0.88648921251297,0.8611614483320815,0.8910779519192962,0.8,0.8333333333333334
baseline,KNN,555,2,glass_adhesion_kpa,63,0.8033290028397446,31.16818323874252,22.487306909687362,0.4434760510921478,0.8980342836503692,0.8736423968850704,0.907865492295875,0.75,0.8333333333333334
baseline,SVR-RBF,555,2,glass_adhesion_kpa,63,0.8001342266776151,31.420315580366292,22.41440697672421,0.44706350564956665,0.8948614849573029,0.8858113217242344,0.9023282407274952,0.75,0.9
baseline,RandomForest,555,2,glass_adhesion_kpa,63,0.7874868740599332,32.39919415009995,22.913149569079437,0.46099144220352173,0.8874825816356166,0.8763306011887909,0.893946779388969,0.8,0.8333333333333334
baseline,HistGB,555,2,glass_adhesion_kpa,63,0.7364366377884293,36.08143886404201,25.87529586784944,0.5133842825889587,0.8590007929550152,0.8226145187626587,0.8669308303841847,0.8,0.7666666666666667
baseline,MLP,555,2,glass_adhesion_kpa,63,0.537204384803772,47.81189235724989,38.06522750854492,0.6802908182144165,0.8178375363349915,0.6778115137238492,0.7417726656410555,0.8,0.8
baseline,Mean,555,3,glass_adhesion_kpa,63,-0.0021178722381591797,78.15007097725504,61.861610412597656,1.0010583400726318,,,0.0,0.0,0.2
baseline,Ridge,555,3,glass_adhesion_kpa,63,0.808722972869873,34.14297403246018,27.20638084411621,0.4373522698879242,0.9028813242912292,0.8149099332136023,0.9014226083307109,0.85,0.8666666666666667
baseline,ElasticNet,555,3,glass_adhesion_kpa,63,0.8057713508605957,34.40539849082553,27.361339569091797,0.4407137930393219,0.901452898979187,0.8088614735302307,0.8991108524990888,0.85,0.8666666666666667
baseline,KNN,555,3,glass_adhesion_kpa,63,0.8456212619804037,30.673528785496448,23.87594091737512,0.3929106295108795,0.9284450400031729,0.8765226157819138,0.9360708869185357,0.9,0.8666666666666667
baseline,SVR-RBF,555,3,glass_adhesion_kpa,63,0.8857021781026793,26.393013234148036,20.459787019605685,0.33807963132858276,0.9436284672089744,0.9260143771593423,0.9503610334971518,0.9,0.8666666666666667
baseline,RandomForest,555,3,glass_adhesion_kpa,63,0.851682579138994,30.06533731424603,23.72908458731439,0.38512006402015686,0.9279319953651677,0.8929638653180624,0.9368488081146853,0.9,0.8666666666666667
baseline,HistGB,555,3,glass_adhesion_kpa,63,0.8411282636025306,31.116684713005657,24.035147062564775,0.3985871970653534,0.9237932433828384,0.910197175050843,0.9339076827897485,0.9,0.8666666666666667
baseline,MLP,555,3,glass_adhesion_kpa,63,0.7476568818092346,39.21621941536913,30.322216033935547,0.5023376941680908,0.8664634823799133,0.7658502046707004,0.8689599213804633,0.75,0.8666666666666667
baseline,Mean,555,4,glass_adhesion_kpa,63,-0.01571834087371826,65.4295900185841,55.29262161254883,1.0078285932540894,,,0.0,0.05,0.16666666666666666
baseline,Ridge,555,4,glass_adhesion_kpa,63,0.7939672470092773,29.468341974243096,22.737653732299805,0.45390835404396057,0.8920943737030029,0.9111812498405979,0.9040174057944342,0.8,0.9
baseline,ElasticNet,555,4,glass_adhesion_kpa,63,0.7947462201118469,29.412581926548672,22.694608688354492,0.4530494809150696,0.8924782276153564,0.9116612863234053,0.9043051469361965,0.8,0.9
baseline,KNN,555,4,glass_adhesion_kpa,63,0.7905357677235059,29.712725231447752,22.086753445838447,0.4576726257801056,0.8946213672981602,0.9137254431994765,0.9082507064071663,0.85,0.8666666666666667
baseline,SVR-RBF,555,4,glass_adhesion_kpa,63,0.6657541488949807,37.53362946347508,25.956527800340588,0.5781400203704834,0.8295984371863279,0.8446241914993716,0.8391891908964113,0.7,0.8333333333333334
baseline,RandomForest,555,4,glass_adhesion_kpa,63,0.7947636076997677,29.411334848293112,20.926907715899564,0.4530302584171295,0.8918279827735727,0.9224731776396322,0.9027449057117555,0.8,0.8333333333333334
baseline,HistGB,555,4,glass_adhesion_kpa,63,0.707220046556915,35.12838778798515,22.948374140835046,0.5410914421081543,0.8523774348362005,0.8880914950175688,0.8660931066890813,0.75,0.8666666666666667
baseline,MLP,555,4,glass_adhesion_kpa,63,0.5610992312431335,43.01012496621435,34.616146087646484,0.6624958515167236,0.7776492834091187,0.7832995308207442,0.7809906899342195,0.8,0.8
baseline,Mean,888,0,glass_adhesion_kpa,64,-0.0007412433624267578,69.03648407047176,56.666446685791016,1.0003706216812134,,,0.0,0.05,0.1
baseline,Ridge,888,0,glass_adhesion_kpa,64,0.7235556840896606,36.28453702271982,29.463581085205078,0.5257797241210938,0.8560069799423218,0.8347851967716879,0.8679603112728307,0.75,0.8666666666666667
baseline,ElasticNet,888,0,glass_adhesion_kpa,64,0.7235852479934692,36.2825957976066,29.462099075317383,0.5257515907287598,0.8560176491737366,0.8353804416806659,0.8679721400365783,0.75,0.8666666666666667
baseline,KNN,888,0,glass_adhesion_kpa,64,0.7584953134685427,33.91411945718076,24.504555521407468,0.49143126606941223,0.8886899699425634,0.9073363935621188,0.8999379423838044,0.8,0.9
baseline,SVR-RBF,888,0,glass_adhesion_kpa,64,0.7821407570754042,32.211115060975864,24.55648393787684,0.4667539894580841,0.887984569882302,0.9127622798478026,0.8987114679684437,0.7,0.8666666666666667
baseline,RandomForest,888,0,glass_adhesion_kpa,64,0.8067483722693503,30.337468920633427,21.498172857380492,0.4396039545536041,0.8986030788421369,0.9314438123757267,0.9092012293158606,0.85,0.8666666666666667
baseline,HistGB,888,0,glass_adhesion_kpa,64,0.7305286673023617,35.823997772403146,24.577414694884293,0.5191062688827515,0.8560804439612317,0.9025744342902949,0.8648438776330548,0.75,0.9
baseline,MLP,888,0,glass_adhesion_kpa,64,0.6741385459899902,39.39437767229608,29.768878936767578,0.5708427429199219,0.8390217423439026,0.8750786983025047,0.8519740816659164,0.75,0.9
baseline,Mean,888,1,glass_adhesion_kpa,63,-0.0005463361740112305,75.58140530662949,58.942691802978516,1.0002731084823608,,,0.0,0.0,0.2
baseline,Ridge,888,1,glass_adhesion_kpa,63,0.7890914678573608,34.70111289754444,25.581174850463867,0.45924776792526245,0.8964808583259583,0.9113383256528419,0.888116172472525,0.8,0.8333333333333334
baseline,ElasticNet,888,1,glass_adhesion_kpa,63,0.7904557585716248,34.58869655953372,25.448211669921875,0.4577599763870239,0.8976831436157227,0.9104742703533028,0.8887306149221281,0.8,0.8333333333333334
baseline,KNN,888,1,glass_adhesion_kpa,63,0.8204211746446507,32.02018797701458,20.811692124553172,0.4237673580646515,0.9061438551719252,0.9474366359447004,0.9175876307374766,0.8,0.9
baseline,SVR-RBF,888,1,glass_adhesion_kpa,63,0.8104566885383282,32.896564526366724,21.754699346812657,0.4353656768798828,0.9113612650171704,0.9398521505376344,0.9003577180250587,0.8,0.9
baseline,RandomForest,888,1,glass_adhesion_kpa,63,0.8071648603997501,33.18099477959275,20.950382338624017,0.43912994861602783,0.8992531086479066,0.94105222734255,0.9046321359648896,0.85,0.9
baseline,HistGB,888,1,glass_adhesion_kpa,63,0.7786497000958572,35.54973529369394,22.2032592151551,0.47047874331474304,0.8832965117554734,0.9308755760368664,0.8877787811496549,0.8,0.9
baseline,MLP,888,1,glass_adhesion_kpa,63,0.7802563905715942,35.42047926782612,24.493146896362305,0.4687681198120117,0.8934017419815063,0.9154665898617511,0.8846984655000796,0.85,0.8
baseline,Mean,888,2,glass_adhesion_kpa,63,-7.152557373046875e-07,77.0949438750282,61.62919998168945,1.000000238418579,,,0.0,0.05,0.2
baseline,Ridge,888,2,glass_adhesion_kpa,63,0.8072634935379028,33.84603307742467,25.998401641845703,0.4390176832675934,0.9025565981864929,0.9212860178036908,0.9167731405021149,0.9,0.9
baseline,ElasticNet,888,2,glass_adhesion_kpa,63,0.784377932548523,35.79912217411902,28.437185287475586,0.46435126662254333,0.8881428837776184,0.8652657602600835,0.8886784855787192,0.85,0.8666666666666667
baseline,KNN,888,2,glass_adhesion_kpa,63,0.82871220580808,31.907220337771136,24.063167422898633,0.41386932134628296,0.917440784064491,0.8862673563829011,0.9252152011770923,0.9,0.8666666666666667
baseline,SVR-RBF,888,2,glass_adhesion_kpa,63,0.8451236795068195,30.340188466098667,21.612681088969115,0.3935433030128479,0.9198715949936817,0.9372232290328916,0.9299300255313288,0.9,0.9333333333333333
baseline,RandomForest,888,2,glass_adhesion_kpa,63,0.8179066905657916,32.898247046875326,24.989699924240888,0.4267239272594452,0.9067469990305658,0.89393466625063,0.9178629448308773,0.9,0.8666666666666667
baseline,HistGB,888,2,glass_adhesion_kpa,63,0.7785965943163184,36.27587624074674,25.700536203586196,0.4705352485179901,0.8877864747815112,0.8822428114489969,0.8978712695537292,0.85,0.9
baseline,MLP,888,2,glass_adhesion_kpa,63,0.6988317966461182,42.308762355690725,34.57524108886719,0.5487879514694214,0.8429452180862427,0.7513531028899211,0.8482401227182026,0.85,0.7666666666666667
baseline,Mean,888,3,glass_adhesion_kpa,63,-2.5510787963867188e-05,70.24405349053576,56.570247650146484,1.0000128746032715,,,0.0,0.0,0.2
baseline,Ridge,888,3,glass_adhesion_kpa,63,0.7140633463859558,37.56115618696478,27.53873634338379,0.5347304940223694,0.8500947952270508,0.8269969278033795,0.8608337841908934,0.7,0.8333333333333334
baseline,ElasticNet,888,3,glass_adhesion_kpa,63,0.7138329744338989,37.57628471325448,27.55251693725586,0.5349458456039429,0.8498956561088562,0.8266129032258065,0.8605318202707819,0.7,0.8333333333333334
baseline,KNN,888,3,glass_adhesion_kpa,63,0.6538794850446406,41.32545637509663,24.914170369274682,0.5883200168609619,0.8408230596572798,0.8567588325652843,0.8481825534426753,0.8,0.8333333333333334
baseline,SVR-RBF,888,3,glass_adhesion_kpa,63,0.7504516104218684,35.0898388369239,23.46781026592958,0.49954816699028015,0.8666709326466696,0.8735119047619049,0.874631284368027,0.8,0.8333333333333334
baseline,RandomForest,888,3,glass_adhesion_kpa,63,0.7410412995159845,35.74532427718035,23.04796594191899,0.5088797807693481,0.8650762013343657,0.8851286482334869,0.8731908210827013,0.75,0.8333333333333334
baseline,HistGB,888,3,glass_adhesion_kpa,63,0.6988452264253234,38.54773489510518,23.87944224548746,0.5487756133079529,0.841350293814562,0.8730528289004045,0.8508352975310839,0.75,0.8333333333333334
baseline,MLP,888,3,glass_adhesion_kpa,63,0.7316616773605347,36.386928214976805,25.306535720825195,0.5180138349533081,0.8598926663398743,0.879176267281106,0.8718084708782678,0.75,0.8
baseline,Mean,888,4,glass_adhesion_kpa,63,-5.137920379638672e-05,76.97830330481115,59.01454162597656,1.0000256299972534,0.0,0.0,0.0,0.05,0.23333333333333334
baseline,Ridge,888,4,glass_adhesion_kpa,63,0.8178925514221191,32.84891580450183,24.78586196899414,0.42674049735069275,0.9061056971549988,0.890168970814132,0.9088915049539668,0.85,0.8333333333333334
baseline,ElasticNet,888,4,glass_adhesion_kpa,63,0.8179121613502502,32.84714688665897,24.749374389648438,0.42671748995780945,0.906301736831665,0.8897369431643626,0.908622714595771,0.85,0.8333333333333334
baseline,KNN,888,4,glass_adhesion_kpa,63,0.8179670591817609,32.84219495029899,21.605782563135122,0.4266531765460968,0.9101464565562454,0.8862807219662059,0.9159817767505418,0.85,0.8333333333333334
baseline,SVR-RBF,888,4,glass_adhesion_kpa,63,0.839400250226982,30.848184818456453,21.83648312091077,0.40074899792671204,0.9217344155788917,0.9326516897081413,0.9189887817332756,0.85,0.8333333333333334
baseline,RandomForest,888,4,glass_adhesion_kpa,63,0.8397500726317402,30.81456935785691,21.582514179081517,0.40031230449676514,0.9183479307947001,0.8912250384024578,0.9236808502599272,0.9,0.8
baseline,HistGB,888,4,glass_adhesion_kpa,63,0.8099354606845244,33.558901058894435,24.135118195986955,0.4359639585018158,0.9020987632115364,0.8859927035330262,0.9038265449561862,0.8,0.7666666666666667
baseline,MLP,888,4,glass_adhesion_kpa,63,0.8444582223892212,30.3585255848105,22.83415985107422,0.3943878412246704,0.9215924143791199,0.918538786482335,0.924717993623178,0.85,0.8
baseline,Mean,31337,0,glass_adhesion_kpa,64,-0.0008815526962280273,77.49263447862319,61.64411163330078,1.0004407167434692,,,0.0,0.05,0.23333333333333334
baseline,Ridge,31337,0,glass_adhesion_kpa,64,0.7560850977897644,38.25500535316016,30.08206558227539,0.4938774108886719,0.874732255935669,0.8561224373550523,0.8711334422944846,0.85,0.8
baseline,ElasticNet,31337,0,glass_adhesion_kpa,64,0.7521386742591858,38.563237558789396,30.192529678344727,0.4978567063808441,0.8742590546607971,0.8580684303267112,0.8638685317973152,0.85,0.8333333333333334
baseline,KNN,31337,0,glass_adhesion_kpa,64,0.7468299281022692,38.97402444365391,27.856049558251026,0.5031600594520569,0.8810419013392197,0.8779404526725911,0.886356868224062,0.85,0.8
baseline,SVR-RBF,31337,0,glass_adhesion_kpa,64,0.8460790050113429,30.389111442440374,23.068094933947947,0.3923276364803314,0.9203537368648824,0.9175471331545872,0.9285912154788857,0.85,0.8666666666666667
baseline,RandomForest,31337,0,glass_adhesion_kpa,64,0.8026058255884231,34.414085744682254,25.176107394468914,0.4442906081676483,0.8995328665225686,0.8932794560962544,0.9001093988141853,0.85,0.8
baseline,HistGB,31337,0,glass_adhesion_kpa,64,0.750144388852586,38.71806318882615,28.09384919569844,0.49985554814338684,0.8705519255920198,0.8807893953616154,0.877419884686317,0.8,0.8
baseline,MLP,31337,0,glass_adhesion_kpa,64,0.7481716275215149,38.87061464161825,29.18033790588379,0.5018249750137329,0.8702399730682373,0.8667223755418525,0.8736376427988916,0.75,0.7333333333333333
baseline,Mean,31337,1,glass_adhesion_kpa,63,-5.817413330078125e-05,73.33350682093588,56.25446701049805,1.0000289678573608,,,0.0,0.0,0.13333333333333333
baseline,Ridge,31337,1,glass_adhesion_kpa,63,0.7928178310394287,33.378436079558725,23.858070373535156,0.45517265796661377,0.8918665647506714,0.8804934836801682,0.9022446182182783,0.8,0.9
baseline,ElasticNet,31337,1,glass_adhesion_kpa,63,0.7945277690887451,33.24040737742526,23.682912826538086,0.4532903730869293,0.8926417231559753,0.8790533569486012,0.9028578902330233,0.8,0.9
baseline,KNN,31337,1,glass_adhesion_kpa,63,0.8656943957602694,26.87428265135215,18.5183806198454,0.36647728085517883,0.9320045751771773,0.9429469796057978,0.9461245418763178,0.8,0.9
baseline,SVR-RBF,31337,1,glass_adhesion_kpa,63,0.8510798024217925,28.298708454604878,20.19552228368025,0.3859017789363861,0.9268960475247935,0.9302498622558141,0.9338091675536612,0.85,0.9
baseline,RandomForest,31337,1,glass_adhesion_kpa,63,0.8687487852561421,26.56693656600985,18.42813771070758,0.3622860908508301,0.9333714559599213,0.9391066416549521,0.9420652965818831,0.85,0.9
baseline,HistGB,31337,1,glass_adhesion_kpa,63,0.8157699031198329,31.475316312625687,21.182551524706238,0.4292203187942505,0.9045716063925932,0.9251005101176255,0.9133751822858466,0.85,0.8666666666666667
baseline,MLP,31337,1,glass_adhesion_kpa,63,0.7673404216766357,35.37123675599197,26.68276023864746,0.48234790563583374,0.8785828948020935,0.8376017091916593,0.888566845969383,0.8,0.9
baseline,Mean,31337,2,glass_adhesion_kpa,63,-0.0024738311767578125,70.50398232325249,57.060691833496094,1.0012362003326416,,,0.0,0.0,0.16666666666666666
baseline,Ridge,31337,2,glass_adhesion_kpa,63,0.7540076971054077,34.925118697230296,27.055007934570312,0.49597615003585815,0.8705440759658813,0.8569508448540708,0.8751458918310926,0.8,0.8666666666666667
baseline,ElasticNet,31337,2,glass_adhesion_kpa,63,0.7539207339286804,34.93128892968398,27.042566299438477,0.49606379866600037,0.870526134967804,0.8579589093701997,0.8750858227018309,0.8,0.8666666666666667
baseline,KNN,31337,2,glass_adhesion_kpa,63,0.7834439110348697,32.76893403062469,24.276030022289476,0.46535587310791016,0.8892472441088076,0.8828245007680491,0.9024154347761633,0.8,0.8
baseline,SVR-RBF,31337,2,glass_adhesion_kpa,63,0.7601601989273257,34.485596467642196,24.183323223411996,0.4897344410419464,0.8748318804867545,0.8969854070660522,0.8870553563330323,0.75,0.8666666666666667
baseline,RandomForest,31337,2,glass_adhesion_kpa,63,0.7764739114178316,33.29210254477337,23.801588518439285,0.47278547286987305,0.8812263557933186,0.8983294930875577,0.8871013691481107,0.8,0.8666666666666667
baseline,HistGB,31337,2,glass_adhesion_kpa,63,0.7499946152089179,35.20884639609241,24.961168054208756,0.5000054240226746,0.8669345939021837,0.8821524577572964,0.8759067873132459,0.75,0.8666666666666667
baseline,MLP,31337,2,glass_adhesion_kpa,63,0.6709598302841187,40.39258034435285,31.56548500061035,0.5736203193664551,0.8282617330551147,0.7718413978494624,0.8223321200045638,0.85,0.7333333333333333
baseline,Mean,31337,3,glass_adhesion_kpa,63,-5.0902366638183594e-05,73.5592176147473,59.02878952026367,1.0000255107879639,,,0.0,0.05,0.26666666666666666
baseline,Ridge,31337,3,glass_adhesion_kpa,63,0.7134494781494141,39.37555493160541,29.26297378540039,0.5353041887283325,0.8507595062255859,0.8391618464841905,0.8588709773739908,0.85,0.8
baseline,ElasticNet,31337,3,glass_adhesion_kpa,63,0.7124431133270264,39.444635534644476,29.35810089111328,0.5362433791160583,0.8501465916633606,0.8373616880697313,0.8581859639520817,0.85,0.8
baseline,KNN,31337,3,glass_adhesion_kpa,63,0.7241205595112721,38.63542554626592,23.36724758687706,0.525242269039154,0.8627786667825259,0.8682764085740401,0.8738732997174785,0.8,0.8333333333333334
baseline,SVR-RBF,31337,3,glass_adhesion_kpa,63,0.7830475518009519,34.261652780846134,22.65535563414285,0.465781569480896,0.8852076046082099,0.8899743179963189,0.8953052048390951,0.85,0.8333333333333334
baseline,RandomForest,31337,3,glass_adhesion_kpa,63,0.7673272569568786,35.481239805363536,23.41246797490377,0.4823616147041321,0.8772616854090003,0.8632599671257478,0.8871649867126165,0.85,0.7666666666666667
baseline,HistGB,31337,3,glass_adhesion_kpa,63,0.6971267485618187,40.48149024173372,26.36453225969647,0.5503392219543457,0.8434102852678764,0.8619158488429516,0.8543361326142467,0.85,0.8
baseline,MLP,31337,3,glass_adhesion_kpa,63,0.6546022891998291,43.23005489800325,33.918060302734375,0.5877055525779724,0.8134903907775879,0.7646352881255892,0.8209942298790732,0.85,0.8
baseline,Mean,31337,4,glass_adhesion_kpa,63,-1.3113021850585938e-06,74.17373964108693,58.84532165527344,1.0000005960464478,,,0.0,0.05,0.13333333333333333
baseline,Ridge,31337,4,glass_adhesion_kpa,63,0.8144093155860901,31.954201349536476,24.360353469848633,0.4308023452758789,0.9031289219856262,0.8813469824341267,0.9098961714543692,0.8,0.8666666666666667
baseline,ElasticNet,31337,4,glass_adhesion_kpa,63,0.8142342567443848,31.969271210927104,24.372806549072266,0.4310055375099182,0.9030229449272156,0.8818750225652148,0.9098369836358632,0.8,0.8666666666666667
baseline,KNN,31337,4,glass_adhesion_kpa,63,0.8669704763350883,27.053526260145915,20.042240752862682,0.3647320866584778,0.9339419632833675,0.9276705030250272,0.9485157822785559,0.8,0.8666666666666667
baseline,SVR-RBF,31337,4,glass_adhesion_kpa,63,0.8093661926648293,32.385441615206766,22.234138596431357,0.43661627173423767,0.9048401373590893,0.9059488521779988,0.9092420757971073,0.8,0.8
baseline,RandomForest,31337,4,glass_adhesion_kpa,63,0.8512158641970896,28.610679746816224,19.811519679864467,0.3857254385948181,0.9231809529745112,0.9321828459634154,0.937020359928335,0.8,0.8666666666666667
baseline,HistGB,31337,4,glass_adhesion_kpa,63,0.7853906322386772,34.36166506422738,22.635219760294593,0.4632594585418701,0.8906843035130327,0.9200619247725321,0.904281084909733,0.85,0.8666666666666667
baseline,MLP,31337,4,glass_adhesion_kpa,63,0.6412596702575684,44.42628391108621,33.66254425048828,0.5989493727684021,0.8135183453559875,0.762321936522067,0.821773181073271,0.8,0.8333333333333334
