variant,kind,seed,fold,target,R2,RMSE,delta
full model,component,42,0,glass_adhesion_kpa,0.77019864320755,35.92946921139387,0.0
full model,component,42,1,glass_adhesion_kpa,0.765012264251709,35.33718716699166,0.0
full model,component,42,2,glass_adhesion_kpa,0.752642810344696,36.64419458891562,0.0
full model,component,2024,0,glass_adhesion_kpa,0.6964505910873413,41.29032711521247,0.0
full model,component,2024,1,glass_adhesion_kpa,0.8535226583480835,28.244935248421086,0.0
full model,component,2024,2,glass_adhesion_kpa,0.7840805649757385,33.81607031173381,0.0
full model,component,7,0,glass_adhesion_kpa,0.7684476375579834,33.616979613870356,0.0
full model,component,7,1,glass_adhesion_kpa,0.7599330544471741,34.83568958058226,0.0
full model,component,7,2,glass_adhesion_kpa,0.7658550143241882,38.69497889392838,0.0
w/o multimodal fusion,component,42,0,glass_adhesion_kpa,0.7404756546020508,38.182429849588544,0.07235774066713119
w/o multimodal fusion,component,42,1,glass_adhesion_kpa,0.7271729707717896,38.07615339068864,0.07235774066713119
w/o multimodal fusion,component,42,2,glass_adhesion_kpa,0.6534731388092041,43.3721898292666,0.07235774066713119
w/o multimodal fusion,component,2024,0,glass_adhesion_kpa,0.698064923286438,41.1803848534674,0.07235774066713119
w/o multimodal fusion,component,2024,1,glass_adhesion_kpa,0.7625386118888855,35.962661028923456,0.07235774066713119
w/o multimodal fusion,component,2024,2,glass_adhesion_kpa,0.6214601993560791,44.77473729246633,0.07235774066713119
w/o multimodal fusion,component,7,0,glass_adhesion_kpa,0.6541210412979126,41.086217524953696,0.07235774066713119
w/o multimodal fusion,component,7,1,glass_adhesion_kpa,0.6831932663917542,40.01800437088443,0.07235774066713119
w/o multimodal fusion,component,7,2,glass_adhesion_kpa,0.7244237661361694,41.97909025401441,0.07235774066713119
w/o sparse attention,component,42,0,glass_adhesion_kpa,0.7702867984771729,35.922576724877175,0.022405127684275272
w/o sparse attention,component,42,1,glass_adhesion_kpa,0.7810153961181641,34.11270311294423,0.022405127684275272
w/o sparse attention,component,42,2,glass_adhesion_kpa,0.7848637104034424,34.174311184307356,0.022405127684275272
w/o sparse attention,component,2024,0,glass_adhesion_kpa,0.6098189353942871,46.813029348642615,0.022405127684275272
w/o sparse attention,component,2024,1,glass_adhesion_kpa,0.8499506115913391,28.587251652288124,0.022405127684275272
w/o sparse attention,component,2024,2,glass_adhesion_kpa,0.75555419921875,35.98061103034782,0.022405127684275272
w/o sparse attention,component,7,0,glass_adhesion_kpa,0.7394448518753052,35.6602090949466,0.022405127684275272
w/o sparse attention,component,7,1,glass_adhesion_kpa,0.6118294596672058,44.296509864015384,0.022405127684275272
w/o sparse attention,component,7,2,glass_adhesion_kpa,0.8117331266403198,34.69757736499769,0.022405127684275272
w/o attention sparsity reg.,component,42,0,glass_adhesion_kpa,0.7701964974403381,35.92963738716879,1.046392652748196e-06
w/o attention sparsity reg.,component,42,1,glass_adhesion_kpa,0.7650133371353149,35.337104260253135,1.046392652748196e-06
w/o attention sparsity reg.,component,42,2,glass_adhesion_kpa,0.7526379227638245,36.64455602580177,1.046392652748196e-06
w/o attention sparsity reg.,component,2024,0,glass_adhesion_kpa,0.6964505910873413,41.29032415882231,1.046392652748196e-06
w/o attention sparsity reg.,component,2024,1,glass_adhesion_kpa,0.8535225987434387,28.24493632888303,1.046392652748196e-06
w/o attention sparsity reg.,component,2024,2,glass_adhesion_kpa,0.784079909324646,33.816120849335675,1.046392652748196e-06
w/o attention sparsity reg.,component,7,0,glass_adhesion_kpa,0.7684552669525146,33.61642221851453,1.046392652748196e-06
w/o attention sparsity reg.,component,7,1,glass_adhesion_kpa,0.7599304914474487,34.83587705337882,1.046392652748196e-06
w/o attention sparsity reg.,component,7,2,glass_adhesion_kpa,0.7658472061157227,38.695622443489164,1.046392652748196e-06
w/o FiLM conditioning,component,42,0,glass_adhesion_kpa,0.7639232277870178,36.41674506719488,0.0033870074484083634
w/o FiLM conditioning,component,42,1,glass_adhesion_kpa,0.7743252515792847,34.629866605761165,0.0033870074484083634
w/o FiLM conditioning,component,42,2,glass_adhesion_kpa,0.7712149620056152,35.24168958166326,0.0033870074484083634
w/o FiLM conditioning,component,2024,0,glass_adhesion_kpa,0.7208048701286316,39.59930376153648,0.0033870074484083634
w/o FiLM conditioning,component,2024,1,glass_adhesion_kpa,0.8373250961303711,29.765664985209362,0.0033870074484083634
w/o FiLM conditioning,component,2024,2,glass_adhesion_kpa,0.7728865146636963,34.681566215444334,0.0033870074484083634
w/o FiLM conditioning,component,7,0,glass_adhesion_kpa,0.710399329662323,37.59532480595992,0.0033870074484083634
w/o FiLM conditioning,component,7,1,glass_adhesion_kpa,0.7543025612831116,35.24183679303442,0.0033870074484083634
w/o FiLM conditioning,component,7,2,glass_adhesion_kpa,0.7804783582687378,37.46716824486556,0.0033870074484083634
w/o task-specific gating,component,42,0,glass_adhesion_kpa,0.7570715546607971,36.94142917448004,-0.0008165306515164339
w/o task-specific gating,component,42,1,glass_adhesion_kpa,0.7924636602401733,33.209047265956,-0.0008165306515164339
w/o task-specific gating,component,42,2,glass_adhesion_kpa,0.7787387371063232,34.65736831773205,-0.0008165306515164339
w/o task-specific gating,component,2024,0,glass_adhesion_kpa,0.7093383073806763,40.404295317182864,-0.0008165306515164339
w/o task-specific gating,component,2024,1,glass_adhesion_kpa,0.854167103767395,28.18273262934294,-0.0008165306515164339
w/o task-specific gating,component,2024,2,glass_adhesion_kpa,0.7838646769523621,33.83297092888829,-0.0008165306515164339
w/o task-specific gating,component,7,0,glass_adhesion_kpa,0.7564796805381775,34.474793002120585,-0.0008165306515164339
w/o task-specific gating,component,7,1,glass_adhesion_kpa,0.7605596780776978,34.790193215119004,-0.0008165306515164339
w/o task-specific gating,component,7,2,glass_adhesion_kpa,0.7308086156845093,41.489931654691084,-0.0008165306515164339
w/o residual blocks,component,42,0,glass_adhesion_kpa,0.7769203782081604,35.40009875957269,0.009163180987040165
w/o residual blocks,component,42,1,glass_adhesion_kpa,0.779583215713501,34.224072074710804,0.009163180987040165
w/o residual blocks,component,42,2,glass_adhesion_kpa,0.7713015079498291,35.23502459212725,0.009163180987040165
w/o residual blocks,component,2024,0,glass_adhesion_kpa,0.7341598272323608,38.64060446572443,0.009163180987040165
w/o residual blocks,component,2024,1,glass_adhesion_kpa,0.8147909641265869,31.76043289466077,0.009163180987040165
w/o residual blocks,component,2024,2,glass_adhesion_kpa,0.7476369142532349,36.55865030480987,0.009163180987040165
w/o residual blocks,component,7,0,glass_adhesion_kpa,0.7143510580062866,37.33794410934405,0.009163180987040165
w/o residual blocks,component,7,1,glass_adhesion_kpa,0.7567760944366455,35.06399527504585,0.009163180987040165
w/o residual blocks,component,7,2,glass_adhesion_kpa,0.7381546497344971,40.919901692112944,0.009163180987040165
w/o contrastive pre-training,component,42,0,glass_adhesion_kpa,0.7969138622283936,33.77650145857694,0.00265141990449691
w/o contrastive pre-training,component,42,1,glass_adhesion_kpa,0.7608211636543274,35.65091916219517,0.00265141990449691
w/o contrastive pre-training,component,42,2,glass_adhesion_kpa,0.7834833264350891,34.283770987524115,0.00265141990449691
w/o contrastive pre-training,component,2024,0,glass_adhesion_kpa,0.7102611064910889,40.340105313195295,0.00265141990449691
w/o contrastive pre-training,component,2024,1,glass_adhesion_kpa,0.8263348937034607,30.754706790117407,0.00265141990449691
w/o contrastive pre-training,component,2024,2,glass_adhesion_kpa,0.7795670032501221,34.16768449957503,0.00265141990449691
w/o contrastive pre-training,component,7,0,glass_adhesion_kpa,0.7401322722434998,35.613137073649696,0.00265141990449691
w/o contrastive pre-training,component,7,1,glass_adhesion_kpa,0.735938549041748,36.53513599412728,0.00265141990449691
w/o contrastive pre-training,component,7,2,glass_adhesion_kpa,0.7588282823562622,39.27130753747735,0.00265141990449691
w/o Mixup,component,42,0,glass_adhesion_kpa,0.7881135940551758,34.50055019658654,0.011487457487318276
w/o Mixup,component,42,1,glass_adhesion_kpa,0.7314387559890747,37.77730800361508,0.011487457487318276
w/o Mixup,component,42,2,glass_adhesion_kpa,0.7946460843086243,33.38830712591423,0.011487457487318276
w/o Mixup,component,2024,0,glass_adhesion_kpa,0.685585618019104,42.02278754261267,0.011487457487318276
w/o Mixup,component,2024,1,glass_adhesion_kpa,0.8460785746574402,28.95375425145945,0.011487457487318276
w/o Mixup,component,2024,2,glass_adhesion_kpa,0.7863937616348267,33.63444301361236,0.011487457487318276
w/o Mixup,component,7,0,glass_adhesion_kpa,0.758906364440918,34.302592419228134,0.011487457487318276
w/o Mixup,component,7,1,glass_adhesion_kpa,0.6831027865409851,40.02371885880999,0.011487457487318276
w/o Mixup,component,7,2,glass_adhesion_kpa,0.7384905815124512,40.8936430152964,0.011487457487318276
w/o SWA,component,42,0,glass_adhesion_kpa,0.77019864320755,35.92946921139387,0.0
w/o SWA,component,42,1,glass_adhesion_kpa,0.765012264251709,35.33718716699166,0.0
w/o SWA,component,42,2,glass_adhesion_kpa,0.752642810344696,36.64419458891562,0.0
w/o SWA,component,2024,0,glass_adhesion_kpa,0.6964505910873413,41.29032711521247,0.0
w/o SWA,component,2024,1,glass_adhesion_kpa,0.8535226583480835,28.244935248421086,0.0
w/o SWA,component,2024,2,glass_adhesion_kpa,0.7840805649757385,33.81607031173381,0.0
w/o SWA,component,7,0,glass_adhesion_kpa,0.7684476375579834,33.616979613870356,0.0
w/o SWA,component,7,1,glass_adhesion_kpa,0.7599330544471741,34.83568958058226,0.0
w/o SWA,component,7,2,glass_adhesion_kpa,0.7658550143241882,38.69497889392838,0.0
w/o uncertainty weighting,component,42,0,glass_adhesion_kpa,0.77019864320755,35.92946921139387,0.0
w/o uncertainty weighting,component,42,1,glass_adhesion_kpa,0.765012264251709,35.33718716699166,0.0
w/o uncertainty weighting,component,42,2,glass_adhesion_kpa,0.752642810344696,36.64419458891562,0.0
w/o uncertainty weighting,component,2024,0,glass_adhesion_kpa,0.6964505910873413,41.29032711521247,0.0
w/o uncertainty weighting,component,2024,1,glass_adhesion_kpa,0.8535226583480835,28.244935248421086,0.0
w/o uncertainty weighting,component,2024,2,glass_adhesion_kpa,0.7840805649757385,33.81607031173381,0.0
w/o uncertainty weighting,component,7,0,glass_adhesion_kpa,0.7684476375579834,33.616979613870356,0.0
w/o uncertainty weighting,component,7,1,glass_adhesion_kpa,0.7599330544471741,34.83568958058226,0.0
w/o uncertainty weighting,component,7,2,glass_adhesion_kpa,0.7658550143241882,38.69497889392838,0.0
w/o domain constraint,component,42,0,glass_adhesion_kpa,0.77019864320755,35.92946921139387,0.0
w/o domain constraint,component,42,1,glass_adhesion_kpa,0.765012264251709,35.33718716699166,0.0
w/o domain constraint,component,42,2,glass_adhesion_kpa,0.752642810344696,36.64419458891562,0.0
w/o domain constraint,component,2024,0,glass_adhesion_kpa,0.6964505910873413,41.29032711521247,0.0
w/o domain constraint,component,2024,1,glass_adhesion_kpa,0.8535226583480835,28.244935248421086,0.0
w/o domain constraint,component,2024,2,glass_adhesion_kpa,0.7840805649757385,33.81607031173381,0.0
w/o domain constraint,component,7,0,glass_adhesion_kpa,0.7684476375579834,33.616979613870356,0.0
w/o domain constraint,component,7,1,glass_adhesion_kpa,0.7599330544471741,34.83568958058226,0.0
w/o domain constraint,component,7,2,glass_adhesion_kpa,0.7658550143241882,38.69497889392838,0.0
w/o modality gate,component,42,0,glass_adhesion_kpa,0.7655442357063293,36.29150371901804,-0.008525590101877922
w/o modality gate,component,42,1,glass_adhesion_kpa,0.7945330739021301,33.04306457051067,-0.008525590101877922
w/o modality gate,component,42,2,glass_adhesion_kpa,0.7987776398658752,33.05072561786182,-0.008525590101877922
w/o modality gate,component,2024,0,glass_adhesion_kpa,0.7136908173561096,40.10063634353263,-0.008525590101877922
w/o modality gate,component,2024,1,glass_adhesion_kpa,0.8478741645812988,28.784372497896427,-0.008525590101877922
w/o modality gate,component,2024,2,glass_adhesion_kpa,0.7836229205131531,33.85188614113695,-0.008525590101877922
w/o modality gate,component,7,0,glass_adhesion_kpa,0.7397496104240417,35.63934915241597,-0.008525590101877922
w/o modality gate,component,7,1,glass_adhesion_kpa,0.7612953186035156,34.7367119940309,-0.008525590101877922
w/o modality gate,component,7,2,glass_adhesion_kpa,0.7877857685089111,36.838289459643754,-0.008525590101877922
w/o transformer block,component,42,0,glass_adhesion_kpa,0.77019864320755,35.92946921139387,0.0
w/o transformer block,component,42,1,glass_adhesion_kpa,0.765012264251709,35.33718716699166,0.0
w/o transformer block,component,42,2,glass_adhesion_kpa,0.752642810344696,36.64419458891562,0.0
w/o transformer block,component,2024,0,glass_adhesion_kpa,0.6964505910873413,41.29032711521247,0.0
w/o transformer block,component,2024,1,glass_adhesion_kpa,0.8535226583480835,28.244935248421086,0.0
w/o transformer block,component,2024,2,glass_adhesion_kpa,0.7840805649757385,33.81607031173381,0.0
w/o transformer block,component,7,0,glass_adhesion_kpa,0.7684476375579834,33.616979613870356,0.0
w/o transformer block,component,7,1,glass_adhesion_kpa,0.7599330544471741,34.83568958058226,0.0
w/o transformer block,component,7,2,glass_adhesion_kpa,0.7658550143241882,38.69497889392838,0.0
w/o SAM,component,42,0,glass_adhesion_kpa,0.77019864320755,35.92946921139387,0.0
w/o SAM,component,42,1,glass_adhesion_kpa,0.765012264251709,35.33718716699166,0.0
w/o SAM,component,42,2,glass_adhesion_kpa,0.752642810344696,36.64419458891562,0.0
w/o SAM,component,2024,0,glass_adhesion_kpa,0.6964505910873413,41.29032711521247,0.0
w/o SAM,component,2024,1,glass_adhesion_kpa,0.8535226583480835,28.244935248421086,0.0
w/o SAM,component,2024,2,glass_adhesion_kpa,0.7840805649757385,33.81607031173381,0.0
w/o SAM,component,7,0,glass_adhesion_kpa,0.7684476375579834,33.616979613870356,0.0
w/o SAM,component,7,1,glass_adhesion_kpa,0.7599330544471741,34.83568958058226,0.0
w/o SAM,component,7,2,glass_adhesion_kpa,0.7658550143241882,38.69497889392838,0.0
w/o EMA,component,42,0,glass_adhesion_kpa,0.77019864320755,35.92946921139387,0.0
w/o EMA,component,42,1,glass_adhesion_kpa,0.765012264251709,35.33718716699166,0.0
w/o EMA,component,42,2,glass_adhesion_kpa,0.752642810344696,36.64419458891562,0.0
w/o EMA,component,2024,0,glass_adhesion_kpa,0.6964505910873413,41.29032711521247,0.0
w/o EMA,component,2024,1,glass_adhesion_kpa,0.8535226583480835,28.244935248421086,0.0
w/o EMA,component,2024,2,glass_adhesion_kpa,0.7840805649757385,33.81607031173381,0.0
w/o EMA,component,7,0,glass_adhesion_kpa,0.7684476375579834,33.616979613870356,0.0
w/o EMA,component,7,1,glass_adhesion_kpa,0.7599330544471741,34.83568958058226,0.0
w/o EMA,component,7,2,glass_adhesion_kpa,0.7658550143241882,38.69497889392838,0.0
w/o R-Drop,component,42,0,glass_adhesion_kpa,0.7945833206176758,33.96974900784888,-0.008144941594865562
w/o R-Drop,component,42,1,glass_adhesion_kpa,0.7388001084327698,37.255967039900135,-0.008144941594865562
w/o R-Drop,component,42,2,glass_adhesion_kpa,0.8252484798431396,30.800187504185242,-0.008144941594865562
w/o R-Drop,component,2024,0,glass_adhesion_kpa,0.6327753067016602,45.41502678853251,-0.008144941594865562
w/o R-Drop,component,2024,1,glass_adhesion_kpa,0.8514715433120728,28.442004708457834,-0.008144941594865562
w/o R-Drop,component,2024,2,glass_adhesion_kpa,0.8019896745681763,32.38330537170156,-0.008144941594865562
w/o R-Drop,component,7,0,glass_adhesion_kpa,0.7636198401451111,33.965621621699164,-0.008144941594865562
w/o R-Drop,component,7,1,glass_adhesion_kpa,0.7493739128112793,35.593556230267126,-0.008144941594865562
w/o R-Drop,component,7,2,glass_adhesion_kpa,0.8315855264663696,32.81722436227278,-0.008144941594865562
w/o feature noise,component,42,0,glass_adhesion_kpa,0.7583086490631104,36.84725021806665,0.006396538681454067
w/o feature noise,component,42,1,glass_adhesion_kpa,0.7545057535171509,36.118523357028145,0.006396538681454067
w/o feature noise,component,42,2,glass_adhesion_kpa,0.7799349427223206,34.56355777936044,0.006396538681454067
w/o feature noise,component,2024,0,glass_adhesion_kpa,0.6870412826538086,41.92539528175316,0.006396538681454067
w/o feature noise,component,2024,1,glass_adhesion_kpa,0.8324047327041626,30.212464808174065,0.006396538681454067
w/o feature noise,component,2024,2,glass_adhesion_kpa,0.784527599811554,33.78104583367998,0.006396538681454067
w/o feature noise,component,7,0,glass_adhesion_kpa,0.7458977103233337,35.21586438655436,0.006396538681454067
w/o feature noise,component,7,1,glass_adhesion_kpa,0.7651257514953613,34.456876921559505,0.006396538681454067
w/o feature noise,component,7,2,glass_adhesion_kpa,0.750827968120575,39.91735847739051,0.006396538681454067
w/o MFM pre-training,component,42,0,glass_adhesion_kpa,0.77019864320755,35.92946921139387,0.0
w/o MFM pre-training,component,42,1,glass_adhesion_kpa,0.765012264251709,35.33718716699166,0.0
w/o MFM pre-training,component,42,2,glass_adhesion_kpa,0.752642810344696,36.64419458891562,0.0
w/o MFM pre-training,component,2024,0,glass_adhesion_kpa,0.6964505910873413,41.29032711521247,0.0
w/o MFM pre-training,component,2024,1,glass_adhesion_kpa,0.8535226583480835,28.244935248421086,0.0
w/o MFM pre-training,component,2024,2,glass_adhesion_kpa,0.7840805649757385,33.81607031173381,0.0
w/o MFM pre-training,component,7,0,glass_adhesion_kpa,0.7684476375579834,33.616979613870356,0.0
w/o MFM pre-training,component,7,1,glass_adhesion_kpa,0.7599330544471741,34.83568958058226,0.0
w/o MFM pre-training,component,7,2,glass_adhesion_kpa,0.7658550143241882,38.69497889392838,0.0
w/o MC-Dropout,component,42,0,glass_adhesion_kpa,0.77019864320755,35.92946921139387,0.0
w/o MC-Dropout,component,42,1,glass_adhesion_kpa,0.765012264251709,35.33718716699166,0.0
w/o MC-Dropout,component,42,2,glass_adhesion_kpa,0.752642810344696,36.64419458891562,0.0
w/o MC-Dropout,component,2024,0,glass_adhesion_kpa,0.6964505910873413,41.29032711521247,0.0
w/o MC-Dropout,component,2024,1,glass_adhesion_kpa,0.8535226583480835,28.244935248421086,0.0
w/o MC-Dropout,component,2024,2,glass_adhesion_kpa,0.7840805649757385,33.81607031173381,0.0
w/o MC-Dropout,component,7,0,glass_adhesion_kpa,0.7684476375579834,33.616979613870356,0.0
w/o MC-Dropout,component,7,1,glass_adhesion_kpa,0.7599330544471741,34.83568958058226,0.0
w/o MC-Dropout,component,7,2,glass_adhesion_kpa,0.7658550143241882,38.69497889392838,0.0
w/o pretrained transfer,component,42,0,glass_adhesion_kpa,0.77019864320755,35.92946921139387,0.0
w/o pretrained transfer,component,42,1,glass_adhesion_kpa,0.765012264251709,35.33718716699166,0.0
w/o pretrained transfer,component,42,2,glass_adhesion_kpa,0.752642810344696,36.64419458891562,0.0
w/o pretrained transfer,component,2024,0,glass_adhesion_kpa,0.6964505910873413,41.29032711521247,0.0
w/o pretrained transfer,component,2024,1,glass_adhesion_kpa,0.8535226583480835,28.244935248421086,0.0
w/o pretrained transfer,component,2024,2,glass_adhesion_kpa,0.7840805649757385,33.81607031173381,0.0
w/o pretrained transfer,component,7,0,glass_adhesion_kpa,0.7684476375579834,33.616979613870356,0.0
w/o pretrained transfer,component,7,1,glass_adhesion_kpa,0.7599330544471741,34.83568958058226,0.0
w/o pretrained transfer,component,7,2,glass_adhesion_kpa,0.7658550143241882,38.69497889392838,0.0
fusion = concat,fusion,42,0,glass_adhesion_kpa,0.7845926284790039,34.78602105360984,0.040337125460306766
fusion = concat,fusion,42,1,glass_adhesion_kpa,0.6873918771743774,40.75768446285237,0.040337125460306766
fusion = concat,fusion,42,2,glass_adhesion_kpa,0.6956451535224915,40.64742169713843,0.040337125460306766
fusion = concat,fusion,2024,0,glass_adhesion_kpa,0.7253592014312744,39.274993908139244,0.040337125460306766
fusion = concat,fusion,2024,1,glass_adhesion_kpa,0.8110290169715881,32.08136704269513,0.040337125460306766
fusion = concat,fusion,2024,2,glass_adhesion_kpa,0.7302061319351196,37.80013033728356,0.040337125460306766
fusion = concat,fusion,7,0,glass_adhesion_kpa,0.7685849666595459,33.607006831955815,0.040337125460306766
fusion = concat,fusion,7,1,glass_adhesion_kpa,0.6314175128936768,43.16438843202736,0.040337125460306766
fusion = concat,fusion,7,2,glass_adhesion_kpa,0.7188826203346252,42.39903995218745,0.040337125460306766
fusion = film,fusion,42,0,glass_adhesion_kpa,0.7535641193389893,37.20715571665533,0.005278680059644936
fusion = film,fusion,42,1,glass_adhesion_kpa,0.7475557327270508,36.62622151599947,0.005278680059644936
fusion = film,fusion,42,2,glass_adhesion_kpa,0.7264039516448975,38.53876396727067,0.005278680059644936
fusion = film,fusion,2024,0,glass_adhesion_kpa,0.7541957497596741,37.15594446363024,0.005278680059644936
fusion = film,fusion,2024,1,glass_adhesion_kpa,0.8239433765411377,30.965745273948983,0.005278680059644936
fusion = film,fusion,2024,2,glass_adhesion_kpa,0.7630298137664795,35.426163516861905,0.005278680059644936
fusion = film,fusion,7,0,glass_adhesion_kpa,0.7537677884101868,34.66621848574722,0.005278680059644936
fusion = film,fusion,7,1,glass_adhesion_kpa,0.7743344902992249,33.7746473947638,0.005278680059644936
fusion = film,fusion,7,2,glass_adhesion_kpa,0.7718400955200195,38.19722442929018,0.005278680059644936
fusion = cross,fusion,42,0,glass_adhesion_kpa,0.7616496086120605,36.5916884026448,0.01050114631652832
fusion = cross,fusion,42,1,glass_adhesion_kpa,0.7655971646308899,35.29317951825554,0.01050114631652832
fusion = cross,fusion,42,2,glass_adhesion_kpa,0.7523417472839355,36.66648707490346,0.01050114631652832
fusion = cross,fusion,2024,0,glass_adhesion_kpa,0.7143158316612244,40.0568428508749,0.01050114631652832
fusion = cross,fusion,2024,1,glass_adhesion_kpa,0.8345873355865479,30.01509528261103,0.01050114631652832
fusion = cross,fusion,2024,2,glass_adhesion_kpa,0.7650166749954224,35.277338343275524,0.01050114631652832
fusion = cross,fusion,7,0,glass_adhesion_kpa,0.7101396322250366,37.612177593437906,0.01050114631652832
fusion = cross,fusion,7,1,glass_adhesion_kpa,0.7697665095329285,34.11477138943078,0.01050114631652832
fusion = cross,fusion,7,2,glass_adhesion_kpa,0.7482184171676636,40.125844215710124,0.01050114631652832
