variant,kind,seed,fold,target,R2,RMSE,MAE,NRMSE,PearsonR,SpearmanRho,CCC
full model,component,42,0,glass_adhesion_kpa,0.7343771457672119,19.90041199837526,14.962554931640625,0.5153861045837402,0.8624064922332764,0.832948956947186,0.8466552062228347
full model,component,42,1,glass_adhesion_kpa,0.6785147190093994,19.662969899125265,13.190646171569824,0.566996693611145,0.8294407725334167,0.837628687669235,0.8298796979739106
full model,component,42,2,glass_adhesion_kpa,0.6987225413322449,19.098670537725756,14.49683952331543,0.5488874912261963,0.846057653427124,0.8439128079837482,0.8600852146415399
full model,component,2024,0,glass_adhesion_kpa,0.769514799118042,17.853529192814285,13.496323585510254,0.4800886809825897,0.8801077008247375,0.8707974437343707,0.8763860652940417
full model,component,2024,1,glass_adhesion_kpa,0.7128201723098755,19.494810538690885,13.301648139953613,0.535891592502594,0.8731409907341003,0.8494421985009604,0.8377454998171081
full model,component,2024,2,glass_adhesion_kpa,0.6849379539489746,19.40690967955864,14.685949325561523,0.5613039135932922,0.8298509120941162,0.8329373845953122,0.8230601898661802
w/o multimodal fusion,component,42,0,glass_adhesion_kpa,0.5725724697113037,25.244142362790075,19.470319747924805,0.6537794470787048,0.757578432559967,0.7250548781592511,0.7368144936811081
w/o multimodal fusion,component,42,1,glass_adhesion_kpa,0.7339544296264648,17.887374329408736,13.684222221374512,0.5157960653305054,0.8576406836509705,0.8586631848185338,0.8605496760478766
w/o multimodal fusion,component,42,2,glass_adhesion_kpa,0.675171971321106,19.831089095825334,14.754414558410645,0.5699368715286255,0.829978346824646,0.7976493144603405,0.8410409844657034
w/o multimodal fusion,component,2024,0,glass_adhesion_kpa,0.5449850559234619,25.08507618810996,18.42059326171875,0.6745479106903076,0.7404107451438904,0.7599888858016117,0.7282804563001084
w/o multimodal fusion,component,2024,1,glass_adhesion_kpa,0.6591039896011353,21.23992681170999,14.72727108001709,0.5838630199432373,0.8283104300498962,0.805540504947216,0.7980771561281873
w/o multimodal fusion,component,2024,2,glass_adhesion_kpa,0.5329388976097107,23.62899116832567,16.933183670043945,0.6834187507629395,0.7387730479240417,0.777504550013211,0.7417634447966002
w/o sparse attention,component,42,0,glass_adhesion_kpa,0.7816787958145142,18.041695516209373,14.411977767944336,0.4672485291957855,0.8878577351570129,0.8891327909181371,0.8824643796955075
w/o sparse attention,component,42,1,glass_adhesion_kpa,0.6497296094894409,20.52439136415842,15.322152137756348,0.5918364524841309,0.8190407156944275,0.8205398954013106,0.8322583437932336
w/o sparse attention,component,42,2,glass_adhesion_kpa,0.7351410388946533,17.90717881807897,12.879979133605957,0.5146445035934448,0.8678911924362183,0.8643910030148303,0.8816856991518477
w/o sparse attention,component,2024,0,glass_adhesion_kpa,0.7993614673614502,16.657497681341763,11.907269477844238,0.44792690873146057,0.8970309495925903,0.8892470130591833,0.9090556418178378
w/o sparse attention,component,2024,1,glass_adhesion_kpa,0.6997137665748596,19.934703283960143,14.17822265625,0.5479837656021118,0.8499684929847717,0.8201003071131413,0.8371883292468375
w/o sparse attention,component,2024,2,glass_adhesion_kpa,0.6584752202033997,20.205491873633484,16.458940505981445,0.5844011902809143,0.8150427341461182,0.8562219537079941,0.8126526560437676
w/o attention sparsity reg.,component,42,0,glass_adhesion_kpa,0.7344058156013489,19.899339275797104,14.965958595275879,0.5153583288192749,0.8624474406242371,0.832948956947186,0.8466431538388417
w/o attention sparsity reg.,component,42,1,glass_adhesion_kpa,0.6783164739608765,19.66903198156424,13.196619033813477,0.5671714544296265,0.8293249607086182,0.8372952478201047,0.8297450290884062
w/o attention sparsity reg.,component,42,2,glass_adhesion_kpa,0.6995638608932495,19.071985505015352,14.482600212097168,0.5481205582618713,0.846409797668457,0.8455799609035106,0.8604338145188848
w/o attention sparsity reg.,component,2024,0,glass_adhesion_kpa,0.7698756456375122,17.839549944892894,13.480440139770508,0.4797127842903137,0.8802603483200073,0.869797165879411,0.8766910920514948
w/o attention sparsity reg.,component,2024,1,glass_adhesion_kpa,0.7129856944084167,19.48919221725852,13.29763412475586,0.535737156867981,0.8732989430427551,0.8507203490727783,0.8378637814372215
w/o attention sparsity reg.,component,2024,2,glass_adhesion_kpa,0.6848872900009155,19.408469547739895,14.68716812133789,0.5613490343093872,0.829833984375,0.8329373845953122,0.8230253409247799
w/o FiLM conditioning,component,42,0,glass_adhesion_kpa,0.7343771457672119,19.90041199837526,14.962554931640625,0.5153861045837402,0.8624064922332764,0.832948956947186,0.8466552062228347
w/o FiLM conditioning,component,42,1,glass_adhesion_kpa,0.6785147190093994,19.662969899125265,13.190646171569824,0.566996693611145,0.8294407725334167,0.837628687669235,0.8298796979739106
w/o FiLM conditioning,component,42,2,glass_adhesion_kpa,0.6987225413322449,19.098670537725756,14.49683952331543,0.5488874912261963,0.846057653427124,0.8439128079837482,0.8600852146415399
w/o FiLM conditioning,component,2024,0,glass_adhesion_kpa,0.769514799118042,17.853529192814285,13.496323585510254,0.4800886809825897,0.8801077008247375,0.8707974437343707,0.8763860652940417
w/o FiLM conditioning,component,2024,1,glass_adhesion_kpa,0.7128201723098755,19.494810538690885,13.301648139953613,0.535891592502594,0.8731409907341003,0.8494421985009604,0.8377454998171081
w/o FiLM conditioning,component,2024,2,glass_adhesion_kpa,0.6849379539489746,19.40690967955864,14.685949325561523,0.5613039135932922,0.8298509120941162,0.8329373845953122,0.8230601898661802
w/o task-specific gating,component,42,0,glass_adhesion_kpa,0.5803694128990173,25.012834840103217,18.144407272338867,0.647788941860199,0.7637169361114502,0.7602045072261421,0.7552598359032092
w/o task-specific gating,component,42,1,glass_adhesion_kpa,0.6837339401245117,19.50270570421336,14.04389762878418,0.5623753666877747,0.8288414478302002,0.8406574329655012,0.8367298474955722
w/o task-specific gating,component,42,2,glass_adhesion_kpa,0.7355139255523682,17.894567490003688,13.004765510559082,0.5142820477485657,0.8633322715759277,0.8386890621684926,0.8771855593168385
w/o task-specific gating,component,2024,0,glass_adhesion_kpa,0.7799686193466187,17.443953218988234,12.670061111450195,0.4690750241279602,0.88456791639328,0.8666296193387054,0.8912296594713712
w/o task-specific gating,component,2024,1,glass_adhesion_kpa,0.7136421203613281,19.466893188691458,13.480189323425293,0.5351241230964661,0.862745463848114,0.8424123703559622,0.8381781711140766
w/o task-specific gating,component,2024,2,glass_adhesion_kpa,0.6565591096878052,20.262094159212587,15.245660781860352,0.58603835105896,0.8164587616920471,0.8396615680383539,0.8267215185422679
w/o residual blocks,component,42,0,glass_adhesion_kpa,0.5977122783660889,24.490506571105772,17.516115188598633,0.6342616081237793,0.7822661399841309,0.828058573772662,0.7909291928680204
w/o residual blocks,component,42,1,glass_adhesion_kpa,0.5492582321166992,23.282652537451302,16.04756736755371,0.6713730096817017,0.777758002281189,0.7607985890988108,0.790664837218276
w/o residual blocks,component,42,2,glass_adhesion_kpa,0.7710773944854736,16.648080966090824,12.6592435836792,0.47845858335494995,0.8795892596244812,0.8462468220714158,0.8860459747275526
w/o residual blocks,component,2024,0,glass_adhesion_kpa,0.7145047187805176,19.870191076288197,14.70833683013916,0.5343175530433655,0.8559527397155762,0.8549041400388998,0.8601660645420599
w/o residual blocks,component,2024,1,glass_adhesion_kpa,0.7177164554595947,19.327906318235414,13.63510799407959,0.5313035249710083,0.8731755018234253,0.8345489657510824,0.8479920706573006
w/o residual blocks,component,2024,2,glass_adhesion_kpa,0.558449387550354,22.974631209210273,16.913022994995117,0.6644927263259888,0.7651658058166504,0.7897025522094728,0.7760638381111998
w/o contrastive pre-training,component,42,0,glass_adhesion_kpa,0.7343771457672119,19.90041199837526,14.962554931640625,0.5153861045837402,0.8624064922332764,0.832948956947186,0.8466552062228347
w/o contrastive pre-training,component,42,1,glass_adhesion_kpa,0.6785147190093994,19.662969899125265,13.190646171569824,0.566996693611145,0.8294407725334167,0.837628687669235,0.8298796979739106
w/o contrastive pre-training,component,42,2,glass_adhesion_kpa,0.6987225413322449,19.098670537725756,14.49683952331543,0.5488874912261963,0.846057653427124,0.8439128079837482,0.8600852146415399
w/o contrastive pre-training,component,2024,0,glass_adhesion_kpa,0.769514799118042,17.853529192814285,13.496323585510254,0.4800886809825897,0.8801077008247375,0.8707974437343707,0.8763860652940417
w/o contrastive pre-training,component,2024,1,glass_adhesion_kpa,0.7128201723098755,19.494810538690885,13.301648139953613,0.535891592502594,0.8731409907341003,0.8494421985009604,0.8377454998171081
w/o contrastive pre-training,component,2024,2,glass_adhesion_kpa,0.6849379539489746,19.40690967955864,14.685949325561523,0.5613039135932922,0.8298509120941162,0.8329373845953122,0.8230601898661802
w/o Mixup,component,42,0,glass_adhesion_kpa,0.5890884399414062,24.751615221126226,18.37265968322754,0.6410238146781921,0.7752272486686707,0.7660396235139263,0.757783750088088
w/o Mixup,component,42,1,glass_adhesion_kpa,0.6626622676849365,20.14192653620412,14.631113052368164,0.5808077454566956,0.8318982720375061,0.8449921510041943,0.839608310594031
w/o Mixup,component,42,2,glass_adhesion_kpa,0.48445820808410645,24.9834124658242,16.30824851989746,0.7180123925209045,0.7756739854812622,0.7711415830361177,0.7772386293391539
w/o Mixup,component,2024,0,glass_adhesion_kpa,0.77241051197052,17.741023843114387,12.945089340209961,0.47706338763237,0.8856050372123718,0.883523200889136,0.9001624012356879
w/o Mixup,component,2024,1,glass_adhesion_kpa,0.7373030185699463,18.645309128309844,13.375994682312012,0.5125396847724915,0.8650761842727661,0.8274357799600961,0.8657781562924681
w/o Mixup,component,2024,2,glass_adhesion_kpa,0.6300773024559021,21.028767092013652,16.108078002929688,0.6082127094268799,0.8198550343513489,0.8389669209884529,0.8282116435698648
w/o SWA,component,42,0,glass_adhesion_kpa,0.7343771457672119,19.90041199837526,14.962554931640625,0.5153861045837402,0.8624064922332764,0.832948956947186,0.8466552062228347
w/o SWA,component,42,1,glass_adhesion_kpa,0.6785147190093994,19.662969899125265,13.190646171569824,0.566996693611145,0.8294407725334167,0.837628687669235,0.8298796979739106
w/o SWA,component,42,2,glass_adhesion_kpa,0.6987225413322449,19.098670537725756,14.49683952331543,0.5488874912261963,0.846057653427124,0.8439128079837482,0.8600852146415399
w/o SWA,component,2024,0,glass_adhesion_kpa,0.769514799118042,17.853529192814285,13.496323585510254,0.4800886809825897,0.8801077008247375,0.8707974437343707,0.8763860652940417
w/o SWA,component,2024,1,glass_adhesion_kpa,0.7128201723098755,19.494810538690885,13.301648139953613,0.535891592502594,0.8731409907341003,0.8494421985009604,0.8377454998171081
w/o SWA,component,2024,2,glass_adhesion_kpa,0.6849379539489746,19.40690967955864,14.685949325561523,0.5613039135932922,0.8298509120941162,0.8329373845953122,0.8230601898661802
w/o uncertainty weighting,component,42,0,glass_adhesion_kpa,0.7343771457672119,19.90041199837526,14.962554931640625,0.5153861045837402,0.8624064922332764,0.832948956947186,0.8466552062228347
w/o uncertainty weighting,component,42,1,glass_adhesion_kpa,0.6785147190093994,19.662969899125265,13.190646171569824,0.566996693611145,0.8294407725334167,0.837628687669235,0.8298796979739106
w/o uncertainty weighting,component,42,2,glass_adhesion_kpa,0.6987225413322449,19.098670537725756,14.49683952331543,0.5488874912261963,0.846057653427124,0.8439128079837482,0.8600852146415399
w/o uncertainty weighting,component,2024,0,glass_adhesion_kpa,0.769514799118042,17.853529192814285,13.496323585510254,0.4800886809825897,0.8801077008247375,0.8707974437343707,0.8763860652940417
w/o uncertainty weighting,component,2024,1,glass_adhesion_kpa,0.7128201723098755,19.494810538690885,13.301648139953613,0.535891592502594,0.8731409907341003,0.8494421985009604,0.8377454998171081
w/o uncertainty weighting,component,2024,2,glass_adhesion_kpa,0.6849379539489746,19.40690967955864,14.685949325561523,0.5613039135932922,0.8298509120941162,0.8329373845953122,0.8230601898661802
w/o domain constraint,component,42,0,glass_adhesion_kpa,0.7343771457672119,19.90041199837526,14.962554931640625,0.5153861045837402,0.8624064922332764,0.832948956947186,0.8466552062228347
w/o domain constraint,component,42,1,glass_adhesion_kpa,0.6785147190093994,19.662969899125265,13.190646171569824,0.566996693611145,0.8294407725334167,0.837628687669235,0.8298796979739106
w/o domain constraint,component,42,2,glass_adhesion_kpa,0.6987225413322449,19.098670537725756,14.49683952331543,0.5488874912261963,0.846057653427124,0.8439128079837482,0.8600852146415399
w/o domain constraint,component,2024,0,glass_adhesion_kpa,0.769514799118042,17.853529192814285,13.496323585510254,0.4800886809825897,0.8801077008247375,0.8707974437343707,0.8763860652940417
w/o domain constraint,component,2024,1,glass_adhesion_kpa,0.7128201723098755,19.494810538690885,13.301648139953613,0.535891592502594,0.8731409907341003,0.8494421985009604,0.8377454998171081
w/o domain constraint,component,2024,2,glass_adhesion_kpa,0.6849379539489746,19.40690967955864,14.685949325561523,0.5613039135932922,0.8298509120941162,0.8329373845953122,0.8230601898661802
w/o modality gate,component,42,0,glass_adhesion_kpa,0.7343771457672119,19.90041199837526,14.962554931640625,0.5153861045837402,0.8624064922332764,0.832948956947186,0.8466552062228347
w/o modality gate,component,42,1,glass_adhesion_kpa,0.6785147190093994,19.662969899125265,13.190646171569824,0.566996693611145,0.8294407725334167,0.837628687669235,0.8298796979739106
w/o modality gate,component,42,2,glass_adhesion_kpa,0.6987225413322449,19.098670537725756,14.49683952331543,0.5488874912261963,0.846057653427124,0.8439128079837482,0.8600852146415399
w/o modality gate,component,2024,0,glass_adhesion_kpa,0.769514799118042,17.853529192814285,13.496323585510254,0.4800886809825897,0.8801077008247375,0.8707974437343707,0.8763860652940417
w/o modality gate,component,2024,1,glass_adhesion_kpa,0.7128201723098755,19.494810538690885,13.301648139953613,0.535891592502594,0.8731409907341003,0.8494421985009604,0.8377454998171081
w/o modality gate,component,2024,2,glass_adhesion_kpa,0.6849379539489746,19.40690967955864,14.685949325561523,0.5613039135932922,0.8298509120941162,0.8329373845953122,0.8230601898661802
w/o transformer block,component,42,0,glass_adhesion_kpa,0.7343771457672119,19.90041199837526,14.962554931640625,0.5153861045837402,0.8624064922332764,0.832948956947186,0.8466552062228347
w/o transformer block,component,42,1,glass_adhesion_kpa,0.6785147190093994,19.662969899125265,13.190646171569824,0.566996693611145,0.8294407725334167,0.837628687669235,0.8298796979739106
w/o transformer block,component,42,2,glass_adhesion_kpa,0.6987225413322449,19.098670537725756,14.49683952331543,0.5488874912261963,0.846057653427124,0.8439128079837482,0.8600852146415399
w/o transformer block,component,2024,0,glass_adhesion_kpa,0.769514799118042,17.853529192814285,13.496323585510254,0.4800886809825897,0.8801077008247375,0.8707974437343707,0.8763860652940417
w/o transformer block,component,2024,1,glass_adhesion_kpa,0.7128201723098755,19.494810538690885,13.301648139953613,0.535891592502594,0.8731409907341003,0.8494421985009604,0.8377454998171081
w/o transformer block,component,2024,2,glass_adhesion_kpa,0.6849379539489746,19.40690967955864,14.685949325561523,0.5613039135932922,0.8298509120941162,0.8329373845953122,0.8230601898661802
w/o SAM,component,42,0,glass_adhesion_kpa,0.7343771457672119,19.90041199837526,14.962554931640625,0.5153861045837402,0.8624064922332764,0.832948956947186,0.8466552062228347
w/o SAM,component,42,1,glass_adhesion_kpa,0.6785147190093994,19.662969899125265,13.190646171569824,0.566996693611145,0.8294407725334167,0.837628687669235,0.8298796979739106
w/o SAM,component,42,2,glass_adhesion_kpa,0.6987225413322449,19.098670537725756,14.49683952331543,0.5488874912261963,0.846057653427124,0.8439128079837482,0.8600852146415399
w/o SAM,component,2024,0,glass_adhesion_kpa,0.769514799118042,17.853529192814285,13.496323585510254,0.4800886809825897,0.8801077008247375,0.8707974437343707,0.8763860652940417
w/o SAM,component,2024,1,glass_adhesion_kpa,0.7128201723098755,19.494810538690885,13.301648139953613,0.535891592502594,0.8731409907341003,0.8494421985009604,0.8377454998171081
w/o SAM,component,2024,2,glass_adhesion_kpa,0.6849379539489746,19.40690967955864,14.685949325561523,0.5613039135932922,0.8298509120941162,0.8329373845953122,0.8230601898661802
w/o EMA,component,42,0,glass_adhesion_kpa,0.7343771457672119,19.90041199837526,14.962554931640625,0.5153861045837402,0.8624064922332764,0.832948956947186,0.8466552062228347
w/o EMA,component,42,1,glass_adhesion_kpa,0.6785147190093994,19.662969899125265,13.190646171569824,0.566996693611145,0.8294407725334167,0.837628687669235,0.8298796979739106
w/o EMA,component,42,2,glass_adhesion_kpa,0.6987225413322449,19.098670537725756,14.49683952331543,0.5488874912261963,0.846057653427124,0.8439128079837482,0.8600852146415399
w/o EMA,component,2024,0,glass_adhesion_kpa,0.769514799118042,17.853529192814285,13.496323585510254,0.4800886809825897,0.8801077008247375,0.8707974437343707,0.8763860652940417
w/o EMA,component,2024,1,glass_adhesion_kpa,0.7128201723098755,19.494810538690885,13.301648139953613,0.535891592502594,0.8731409907341003,0.8494421985009604,0.8377454998171081
w/o EMA,component,2024,2,glass_adhesion_kpa,0.6849379539489746,19.40690967955864,14.685949325561523,0.5613039135932922,0.8298509120941162,0.8329373845953122,0.8230601898661802
w/o R-Drop,component,42,0,glass_adhesion_kpa,0.7343771457672119,19.90041199837526,14.962554931640625,0.5153861045837402,0.8624064922332764,0.832948956947186,0.8466552062228347
w/o R-Drop,component,42,1,glass_adhesion_kpa,0.6785147190093994,19.662969899125265,13.190646171569824,0.566996693611145,0.8294407725334167,0.837628687669235,0.8298796979739106
w/o R-Drop,component,42,2,glass_adhesion_kpa,0.6987225413322449,19.098670537725756,14.49683952331543,0.5488874912261963,0.846057653427124,0.8439128079837482,0.8600852146415399
w/o R-Drop,component,2024,0,glass_adhesion_kpa,0.769514799118042,17.853529192814285,13.496323585510254,0.4800886809825897,0.8801077008247375,0.8707974437343707,0.8763860652940417
w/o R-Drop,component,2024,1,glass_adhesion_kpa,0.7128201723098755,19.494810538690885,13.301648139953613,0.535891592502594,0.8731409907341003,0.8494421985009604,0.8377454998171081
w/o R-Drop,component,2024,2,glass_adhesion_kpa,0.6849379539489746,19.40690967955864,14.685949325561523,0.5613039135932922,0.8298509120941162,0.8329373845953122,0.8230601898661802
w/o feature noise,component,42,0,glass_adhesion_kpa,0.7343771457672119,19.90041199837526,14.962554931640625,0.5153861045837402,0.8624064922332764,0.832948956947186,0.8466552062228347
w/o feature noise,component,42,1,glass_adhesion_kpa,0.6785147190093994,19.662969899125265,13.190646171569824,0.566996693611145,0.8294407725334167,0.837628687669235,0.8298796979739106
w/o feature noise,component,42,2,glass_adhesion_kpa,0.6987225413322449,19.098670537725756,14.49683952331543,0.5488874912261963,0.846057653427124,0.8439128079837482,0.8600852146415399
w/o feature noise,component,2024,0,glass_adhesion_kpa,0.769514799118042,17.853529192814285,13.496323585510254,0.4800886809825897,0.8801077008247375,0.8707974437343707,0.8763860652940417
w/o feature noise,component,2024,1,glass_adhesion_kpa,0.7128201723098755,19.494810538690885,13.301648139953613,0.535891592502594,0.8731409907341003,0.8494421985009604,0.8377454998171081
w/o feature noise,component,2024,2,glass_adhesion_kpa,0.6849379539489746,19.40690967955864,14.685949325561523,0.5613039135932922,0.8298509120941162,0.8329373845953122,0.8230601898661802
w/o MFM pre-training,component,42,0,glass_adhesion_kpa,0.7343771457672119,19.90041199837526,14.962554931640625,0.5153861045837402,0.8624064922332764,0.832948956947186,0.8466552062228347
w/o MFM pre-training,component,42,1,glass_adhesion_kpa,0.6785147190093994,19.662969899125265,13.190646171569824,0.566996693611145,0.8294407725334167,0.837628687669235,0.8298796979739106
w/o MFM pre-training,component,42,2,glass_adhesion_kpa,0.6987225413322449,19.098670537725756,14.49683952331543,0.5488874912261963,0.846057653427124,0.8439128079837482,0.8600852146415399
w/o MFM pre-training,component,2024,0,glass_adhesion_kpa,0.769514799118042,17.853529192814285,13.496323585510254,0.4800886809825897,0.8801077008247375,0.8707974437343707,0.8763860652940417
w/o MFM pre-training,component,2024,1,glass_adhesion_kpa,0.7128201723098755,19.494810538690885,13.301648139953613,0.535891592502594,0.8731409907341003,0.8494421985009604,0.8377454998171081
w/o MFM pre-training,component,2024,2,glass_adhesion_kpa,0.6849379539489746,19.40690967955864,14.685949325561523,0.5613039135932922,0.8298509120941162,0.8329373845953122,0.8230601898661802
w/o MC-Dropout,component,42,0,glass_adhesion_kpa,0.7343771457672119,19.90041199837526,14.962554931640625,0.5153861045837402,0.8624064922332764,0.832948956947186,0.8466552062228347
w/o MC-Dropout,component,42,1,glass_adhesion_kpa,0.6785147190093994,19.662969899125265,13.190646171569824,0.566996693611145,0.8294407725334167,0.837628687669235,0.8298796979739106
w/o MC-Dropout,component,42,2,glass_adhesion_kpa,0.6987225413322449,19.098670537725756,14.49683952331543,0.5488874912261963,0.846057653427124,0.8439128079837482,0.8600852146415399
w/o MC-Dropout,component,2024,0,glass_adhesion_kpa,0.769514799118042,17.853529192814285,13.496323585510254,0.4800886809825897,0.8801077008247375,0.8707974437343707,0.8763860652940417
w/o MC-Dropout,component,2024,1,glass_adhesion_kpa,0.7128201723098755,19.494810538690885,13.301648139953613,0.535891592502594,0.8731409907341003,0.8494421985009604,0.8377454998171081
w/o MC-Dropout,component,2024,2,glass_adhesion_kpa,0.6849379539489746,19.40690967955864,14.685949325561523,0.5613039135932922,0.8298509120941162,0.8329373845953122,0.8230601898661802
w/o pretrained transfer,component,42,0,glass_adhesion_kpa,0.7343771457672119,19.90041199837526,14.962554931640625,0.5153861045837402,0.8624064922332764,0.832948956947186,0.8466552062228347
w/o pretrained transfer,component,42,1,glass_adhesion_kpa,0.6785147190093994,19.662969899125265,13.190646171569824,0.566996693611145,0.8294407725334167,0.837628687669235,0.8298796979739106
w/o pretrained transfer,component,42,2,glass_adhesion_kpa,0.6987225413322449,19.098670537725756,14.49683952331543,0.5488874912261963,0.846057653427124,0.8439128079837482,0.8600852146415399
w/o pretrained transfer,component,2024,0,glass_adhesion_kpa,0.769514799118042,17.853529192814285,13.496323585510254,0.4800886809825897,0.8801077008247375,0.8707974437343707,0.8763860652940417
w/o pretrained transfer,component,2024,1,glass_adhesion_kpa,0.7128201723098755,19.494810538690885,13.301648139953613,0.535891592502594,0.8731409907341003,0.8494421985009604,0.8377454998171081
w/o pretrained transfer,component,2024,2,glass_adhesion_kpa,0.6849379539489746,19.40690967955864,14.685949325561523,0.5613039135932922,0.8298509120941162,0.8329373845953122,0.8230601898661802
fusion = film,fusion,42,0,glass_adhesion_kpa,0.605096161365509,24.264706900693493,18.22256851196289,0.628413736820221,0.7799679636955261,0.7809330631817947,0.7781562953056238
fusion = film,fusion,42,1,glass_adhesion_kpa,0.6914153099060059,19.264413169003973,14.548060417175293,0.5555040240287781,0.8334253430366516,0.8402962064622769,0.8417337693539914
fusion = film,fusion,42,2,glass_adhesion_kpa,0.742556095123291,17.654730645358377,13.060861587524414,0.50738924741745,0.8646429777145386,0.8465246808913761,0.8734881248306107
fusion = film,fusion,2024,0,glass_adhesion_kpa,0.7419231534004211,18.891964192088558,13.14539623260498,0.5080126523971558,0.8620206713676453,0.864073353709364,0.8659069141860546
fusion = film,fusion,2024,1,glass_adhesion_kpa,0.6792348623275757,20.60324521474484,14.579991340637207,0.5663612484931946,0.8443141579627991,0.8446352409156453,0.8255418139948624
fusion = film,fusion,2024,2,glass_adhesion_kpa,0.6356683969497681,20.869245089964323,16.094017028808594,0.6035988926887512,0.7986128330230713,0.8310201587375854,0.80069992477041
fusion = cross,fusion,42,0,glass_adhesion_kpa,0.6909692287445068,21.464966375332168,15.996756553649902,0.5559053421020508,0.8314419984817505,0.8242240687835465,0.8303866758349522
fusion = cross,fusion,42,1,glass_adhesion_kpa,0.6738266944885254,19.805818508139062,14.295656204223633,0.5711158514022827,0.8213215470314026,0.8277088521576106,0.8239858097649989
fusion = cross,fusion,42,2,glass_adhesion_kpa,0.6830191016197205,19.59008637997801,14.553284645080566,0.5630105137825012,0.8542742133140564,0.8183497965473908,0.8621198312890176
fusion = cross,fusion,2024,0,glass_adhesion_kpa,0.76589035987854,17.99335865842025,13.148093223571777,0.48384878039360046,0.8788439631462097,0.881633787163101,0.8925856784631875
fusion = cross,fusion,2024,1,glass_adhesion_kpa,0.756644070148468,17.945809064744928,13.577951431274414,0.49331116676330566,0.8790009617805481,0.8790619487087398,0.876972141832507
fusion = cross,fusion,2024,2,glass_adhesion_kpa,0.6819537878036499,19.498600053663708,15.043924331665039,0.5639558434486389,0.8310546278953552,0.856027452534022,0.8424635816461125
fusion = gated,fusion,42,0,glass_adhesion_kpa,0.6983625888824463,21.206644506857618,15.993387222290039,0.5492152571678162,0.8382235765457153,0.8179721584752062,0.8369587529104315
fusion = gated,fusion,42,1,glass_adhesion_kpa,0.7498317360877991,17.34541359560891,12.92902660369873,0.5001682043075562,0.8672158718109131,0.8597746509823012,0.877978636800996
fusion = gated,fusion,42,2,glass_adhesion_kpa,0.6451191902160645,20.728176176346444,14.884604454040527,0.5957187414169312,0.8244583606719971,0.8182664389014027,0.8324744300047188
fusion = gated,fusion,2024,0,glass_adhesion_kpa,0.659497857093811,21.700138861567872,15.636301040649414,0.5835255980491638,0.8138337135314941,0.8098916365657128,0.8026421113454282
fusion = gated,fusion,2024,1,glass_adhesion_kpa,0.6217775940895081,22.372559824603638,15.405774116516113,0.6149978637695312,0.810871422290802,0.7993442532620989,0.7880682593115272
fusion = gated,fusion,2024,2,glass_adhesion_kpa,0.5329495668411255,23.62872123677361,17.61456298828125,0.6834108829498291,0.7734842300415039,0.8106531072344876,0.7698556131056014
